text,size,freq,topic
詩,2006,0.0028066445182724,109
吟,1328,0.0025665559246955,109
句,738,0.00067331118493909,109
新,679,0.0045590254706534,109
多,510,0.0056221483942414,109
