text,size,freq,topic
轉,872,0.0016965669988926,71
參,723,0.00066799557032115,71
差,632,0.00056079734219269,71
風,441,0.013217275747508,71
迴,427,0.0019162790697674,71
