text,size,freq,topic
病,972,0.0016239202657807,83
老,917,0.0036057585825028,83
閒,743,0.0038688815060908,83
身,637,0.0038440753045404,83
臥,574,0.0012482834994463,83
