text,size,freq,topic
邊,1216,0.0027109634551495,135
胡,1055,0.0012784053156146,135
塞,965,0.0011676633444075,135
馬,757,0.0042604651162791,135
關,736,0.0023583610188261,135
