text,size,freq,topic
將,1021,0.0042356589147287,108
軍,1000,0.0012695459579181,108
兵,845,0.001127796234773,108
旗,608,0.0007734219269103,108
戰,590,0.00095769656699889,108
