text,size,freq,topic
深,2481,0.0045900332225914,60
心,2119,0.0076792912513843,60
沈,1419,0.001568992248062,60
林,1166,0.0035809523809524,60
陰,1094,0.0024947951273533,60
