text,size,freq,topic
高,1270,0.0061705426356589,139
登,954,0.0017488372093023,139
臨,786,0.0023415282392027,139
雲,532,0.010912070874862,139
遠,525,0.0050586932447398,139
