text,size,freq,topic
是,1272,0.0054431893687708,18
應,1002,0.0041258028792913,18
處,784,0.005421926910299,18
更,709,0.0039441860465116,18
似,680,0.0032008859357697,18
