text,size,freq,topic
紅,820,0.0034640088593577,29
輕,541,0.0023530454042082,29
金,531,0.0056708748615725,29
香,528,0.0037297895902547,29
翠,389,0.0021661129568106,29
