text,size,freq,topic
路,1883,0.0047530454042082,119
行,1604,0.0067960132890365,119
別,1087,0.0043215946843854,119
遠,932,0.0050586932447398,119
離,888,0.002903211517165,119
