text,size,freq,topic
所,912,0.0024097452934662,20
我,681,0.0047273532668882,20
為,602,0.0081196013289037,20
其,579,0.0015459579180509,20
以,533,0.0017993355481728,20
