text,size,freq,topic
遙,1710,0.002046511627907,131
望,1164,0.0037643410852713,131
山,1009,0.01360088593577,131
雲,722,0.010912070874862,131
上,698,0.0093669988925803,131
