text,size,freq,topic
禮,536,0.00090719822812846,92
神,501,0.0025018826135105,92
德,493,0.0011384274640089,92
惟,477,0.0010046511627907,92
肅,463,0.00042524916943522,92
