text,size,freq,topic
相,2277,0.0082356589147287,132
君,1020,0.0079255813953488,132
逢,703,0.0023308970099668,132
知,656,0.0073196013289037,132
時,644,0.0096442967884828,132
