text,size,freq,topic
聖,646,0.0013785160575858,11
壽,338,0.00047397563676633,11
瑞,335,0.00045448504983389,11
萬,335,0.0048806201550388,11
天,310,0.010428349944629,11
