text,size,freq,topic
之,2547,0.0024602436323367,141
兮,1652,0.0014635658914729,141
不,1274,0.022252934662237,141
有,909,0.010766777408638,141
其,867,0.0015459579180509,141
