text,size,freq,topic
金,1189,0.0056708748615725,38
玉,876,0.0052642303433001,38
錦,804,0.001184496124031,38
雙,661,0.0020394241417497,38
羅,607,0.00141926910299,38
