text,size,freq,topic
處,2983,0.005421926910299,67
何,1906,0.010493909191584,67
問,973,0.0022972314507198,67
去,911,0.0065647840531561,67
人,575,0.01765138427464,67
