text,size,freq,topic
水,1202,0.0093156146179402,82
池,1071,0.0022449612403101,82
花,898,0.0094369878183832,82
蓮,819,0.00091694352159468,82
綠,608,0.0023300110741971,82
