text,size,freq,topic
不,1315,0.022252934662237,73
何,1114,0.010493909191584,73
一,1041,0.012883277962348,73
如,989,0.0074135105204873,73
自,822,0.0076757475083056,73
