text,size,freq,topic
青,1348,0.0054803986710963,107
冥,833,0.00082126245847176,107
庭,675,0.0020925802879291,107
山,558,0.01360088593577,107
經,527,0.0021094130675526,107
