text,size,freq,topic
飛,1240,0.0046981173864895,72
鳥,752,0.0030325581395349,72
羽,499,0.0012660022148394,72
巢,499,0.00059446290143965,72
鳴,455,0.0018533776301218,72
