text,size,freq,topic
為,1014,0.0081196013289037,46
不,973,0.022252934662237,46
無,918,0.013427242524917,46
者,666,0.0018613510520487,46
自,467,0.0076757475083056,46
