text,size,freq,topic
心,1033,0.0076792912513843,49
真,506,0.0016859357696567,49
法,460,0.00052358803986711,49
師,449,0.0012500553709856,49
世,428,0.0024912513842746,49
