text,size,freq,topic
聲,1606,0.0052571428571429,44
月,1213,0.0091951273532669,44
夜,937,0.0062617940199336,44
聞,764,0.0040407530454042,44
風,666,0.013217275747508,44
