text,size,freq,topic
天,2070,0.010428349944629,70
地,1242,0.004325138427464,70
下,826,0.0061900332225914,70
日,678,0.012614839424142,70
上,657,0.0093669988925803,70
