text,size,freq,topic
舟,1640,0.0019029900332226,31
江,1565,0.0061953488372093,31
洲,579,0.00086733111849391,31
孤,563,0.002547065337763,31
岸,542,0.001305869324474,31
