text,size,freq,topic
清,1159,0.0064416389811739,55
光,773,0.0040124031007752,55
月,593,0.0091951273532669,55
色,515,0.0042294573643411,55
凝,423,0.0009063122923588,55
