text,size,freq,topic
生,1501,0.0080372093023256,90
情,1412,0.0035791805094131,90
聲,1067,0.0052571428571429,90
行,1054,0.0067960132890365,90
平,1020,0.0030520487264673,90
