text,size,freq,topic
頭,975,0.0034330011074197,27
得,620,0.0062378737541528,27
似,582,0.0032008859357697,27
來,481,0.010378737541528,27
一,479,0.012883277962348,27
