text,size,freq,topic
十,2916,0.0029616832779623,69
三,2152,0.005125138427464,69
年,1913,0.0081133997785161,69
二,1707,0.0017337763012182,69
五,1261,0.0027977851605759,69
