text,size,freq,topic
秋,1526,0.0067632336655592,15
涼,1266,0.001421926910299,15
風,1173,0.013217275747508,15
蕭,747,0.0015858250276855,15
蟬,706,0.0007937984496124,15
