text,size,freq,topic
無,1158,0.013427242524917,148
非,999,0.0027694352159468,148
不,974,0.022252934662237,148
有,929,0.010766777408638,148
亦,916,0.0029076411960133,148
