text,size,freq,topic
衣,1200,0.0035472868217054,14
手,1070,0.0014866002214839,14
白,615,0.0071565891472868,14
長,549,0.0077749723145072,14
行,546,0.0067960132890365,14
