text,size,freq,topic
雪,2405,0.0037944629014396,103
寒,1450,0.0053466223698782,103
春,702,0.0093306755260244,103
風,662,0.013217275747508,103
冰,662,0.0008859357696567,103
