text,size,freq,topic
悠,1680,0.0014883720930233,3
流,1478,0.0045244739756368,3
遊,1120,0.0031893687707641,3
秋,930,0.0067632336655592,3
頭,868,0.0034330011074197,3
