text,size,freq,topic
然,1048,0.0026516057585825,128
天,888,0.010428349944629,128
前,847,0.0049399778516058,128
年,845,0.0081133997785161,128
泉,503,0.0022945736434109,128
