text,size,freq,topic
中,1027,0.0096841638981174,28
前,1012,0.0049399778516058,28
看,874,0.0036730897009967,28
裏,838,0.002366334440753,28
向,800,0.003881284606866,28
