text,size,freq,topic
須,1345,0.0019552602436323,48
莫,1276,0.0032159468438538,48
是,839,0.0054431893687708,48
教,456,0.0010604651162791,48
作,425,0.003052934662237,48
