text,size,freq,topic
龍,1106,0.0033080841638981,117
雷,497,0.00064584717607973,117
神,399,0.0025018826135105,117
騰,392,0.0003968992248062,117
虎,391,0.00088682170542636,117
