text,size,freq,topic
南,1091,0.0048744186046512,56
湘,1034,0.0010232558139535,56
楚,733,0.0018418604651163,56
水,659,0.0093156146179402,56
思,633,0.0045111849390919,56
