text,size,freq,topic
重,1905,0.0039459579180509,93
逢,816,0.0023308970099668,93
相,774,0.0082356589147287,93
容,770,0.0014653377630122,93
從,726,0.00358715393134,93
