text,size,freq,topic
官,1086,0.001744407530454,113
郎,691,0.0011481727574751,113
朝,527,0.0049169435215947,113
直,357,0.0013661129568106,113
府,339,0.0007672203765227,113
