text,size,freq,topic
獨,1352,0.0040230343300111,30
不,977,0.022252934662237,30
何,948,0.010493909191584,30
上,865,0.0093669988925803,30
自,836,0.0076757475083056,30
