text,size,freq,topic
秋,1870,0.0067632336655592,54
寒,1100,0.0053466223698782,54
霜,1077,0.0023707641196013,54
葉,1027,0.0029165005537099,54
落,819,0.0052473975636766,54
