text,size,freq,topic
相,1592,0.0082356589147287,33
同,1580,0.0038467331118494,33
共,1017,0.0021864894795127,33
與,830,0.0045554817275748,33
心,525,0.0076792912513843,33
