text,size,freq,topic
海,1926,0.0036854928017719,88
滄,756,0.00086290143964563,88
江,725,0.0061953488372093,88
天,677,0.010428349944629,88
漫,652,0.00058914728682171,88
