text,size,freq,topic
月,1126,0.0091951273532669,121
玉,1084,0.0052642303433001,121
明,790,0.0057612403100775,121
光,769,0.0040124031007752,121
珠,704,0.0014361018826135,121
