text,size,freq,topic
不,1921,0.022252934662237,112
人,977,0.01765138427464,112
自,790,0.0076757475083056,112
能,739,0.0032637873754153,112
知,703,0.0073196013289037,112
