text,size,freq,topic
如,2574,0.0074135105204873,76
不,1616,0.022252934662237,76
似,1136,0.0032008859357697,76
何,964,0.010493909191584,76
若,879,0.0023557032115172,76
