text,size,freq,topic
寒,1434,0.0053466223698782,149
難,1333,0.0034764119601329,149
蕭,998,0.0015858250276855,149
看,777,0.0036730897009967,149
長,721,0.0077749723145072,149
