text,size,freq,topic
不,1318,0.022252934662237,43
人,1064,0.01765138427464,43
是,1055,0.0054431893687708,43
知,941,0.0073196013289037,43
一,840,0.012883277962348,43
