text,size,freq,topic
天,909,0.010428349944629,145
聖,530,0.0013785160575858,145
萬,503,0.0048806201550388,145
大,489,0.0027091915836102,145
王,444,0.0028394241417497,145
