text,size,freq,topic
時,1825,0.0096442967884828,127
期,1639,0.0021581395348837,127
遲,1627,0.0014449612403101,127
知,539,0.0073196013289037,127
思,517,0.0045111849390919,127
