text,size,freq,topic
僧,1251,0.0014440753045404,79
寺,1235,0.0012491694352159,79
禪,693,0.00093643410852713,79
松,638,0.0028677740863787,79
經,439,0.0021094130675526,79
