text,size,freq,topic
月,1598,0.0091951273532669,17
夜,1238,0.0062617940199336,17
秋,1007,0.0067632336655592,17
風,973,0.013217275747508,17
明,771,0.0057612403100775,17
