text,size,freq,topic
山,1559,0.01360088593577,111
遠,995,0.0050586932447398,111
水,758,0.0093156146179402,111
野,750,0.0025275747508306,111
路,703,0.0047530454042082,111
