text,size,freq,topic
雲,1728,0.010912070874862,13
聞,1557,0.0040407530454042,13
君,1552,0.0079255813953488,13
分,1097,0.0031884828349945,13
紛,971,0.00095326688815061,13
