text,size,freq,topic
枝,894,0.0024947951273533,129
葉,670,0.0029165005537099,129
樹,656,0.0044695459579181,129
木,614,0.0018817275747508,129
根,555,0.00082392026578073,129
