text,size,freq,topic
一,2135,0.012883277962348,147
不,1206,0.022252934662237,147
三,1112,0.005125138427464,147
兩,1018,0.0020482834994463,147
百,979,0.0026985603543743,147
