text,size,freq,topic
鄉,1290,0.0022183831672204,22
歸,1053,0.0070910299003322,22
故,997,0.0026338870431894,22
里,921,0.0035012181616833,22
客,744,0.005455592469546,22
