text,size,freq,topic
城,938,0.0046431893687708,115
郡,559,0.00083986710963455,115
吏,557,0.00078671096345515,115
縣,482,0.0005359911406423,115
守,482,0.0009125138427464,115
