text,size,freq,topic
馬,2767,0.0042604651162791,142
金,692,0.0056708748615725,142
車,622,0.0017612403100775,142
騎,597,0.0011676633444075,142
鞭,491,0.0004624584717608,142
