text,size,freq,topic
名,1635,0.0032611295681063,26
生,1283,0.0080372093023256,26
無,766,0.013427242524917,26
世,560,0.0024912513842746,26
有,544,0.010766777408638,26
