text,size,freq,topic
光,1363,0.0040124031007752,97
日,640,0.012614839424142,97
色,609,0.0042294573643411,97
照,596,0.0020695459579181,97
明,552,0.0057612403100775,97
