text,size,freq,topic
竹,1129,0.0027233665559247,133
苔,769,0.0011153931339978,133
井,511,0.00085049833887043,133
雨,372,0.0050613510520487,133
石,370,0.0037714285714286,133
