text,size,freq,topic
花,2797,0.0094369878183832,74
桃,1526,0.0013528239202658,74
春,1448,0.0093306755260244,74
落,749,0.0052473975636766,74
李,662,0.00081683277962348,74
