text,size,freq,topic
王,1778,0.0028394241417497,61
國,800,0.0025452934662237,61
吳,710,0.0011765227021041,61
宮,639,0.0026516057585825,61
漢,594,0.0025302325581395,61
