text,size,freq,topic
非,629,0.0027694352159468,85
未,614,0.0059393133997785,85
自,611,0.0076757475083056,85
慚,490,0.00072292358803987,85
難,476,0.0034764119601329,85
