text,size,freq,topic
神,982,0.0025018826135105,35
仙,853,0.00299357696567,35
真,706,0.0016859357696567,35
丹,601,0.0016248062015504,35
化,527,0.0012137320044297,35
