text,size,freq,topic
年,2066,0.0081133997785161,4
白,1790,0.0071565891472868,4
少,1199,0.0025692137320044,4
老,1161,0.0036057585825028,4
髮,1085,0.0012057585825028,4
