text,size,freq,topic
柳,2232,0.0024513842746401,80
春,1664,0.0093306755260244,80
楊,1128,0.0010516057585825,80
花,920,0.0094369878183832,80
風,845,0.013217275747508,80
