text,size,freq,topic
簾,925,0.00092048726467331,36
窗,748,0.0014963455149502,36
枕,592,0.00088327796234773,36
香,503,0.0037297895902547,36
卷,476,0.0010019933554817,36
