text,size,freq,topic
門,1251,0.0056106312292359,8
日,1003,0.012614839424142,8
出,923,0.0048363233665559,8
上,825,0.0093669988925803,8
無,823,0.013427242524917,8
