text,size,freq,topic
朝,1510,0.0049169435215947,122
暮,969,0.0026170542635659,122
來,806,0.010378737541528,122
日,785,0.012614839424142,122
陽,634,0.003824584717608,122
