text,size,freq,topic
人,1463,0.01765138427464,137
塵,1403,0.0034418604651163,137
春,939,0.0093306755260244,137
新,909,0.0045590254706534,137
親,884,0.0014919158361019,137
