text,size,freq,topic
歌,1965,0.0034897009966777,120
樂,1072,0.0020784053156146,120
舞,868,0.0015610188261351,120
歡,863,0.0012553709856035,120
曲,620,0.0021244739756368,120
