text,size,freq,topic
朝,812,0.0049169435215947,94
紫,519,0.0018648947951274,94
朱,465,0.0012261351052049,94
闕,403,0.0010409745293466,94
列,372,0.00070166112956811,94
