text,size,freq,topic
門,1750,0.0056106312292359,101
昏,769,0.00086644518272425,101
言,663,0.0030396456256921,101
喧,621,0.00068660022148394,101
論,531,0.00096921373200443,101
