text,size,freq,topic
雨,1993,0.0050613510520487,86
風,1336,0.013217275747508,86
煙,781,0.0045049833887043,86
雲,636,0.010912070874862,86
微,528,0.0023344407530454,86
