text,size,freq,topic
石,1558,0.0037714285714286,87
峰,907,0.0018595791805094,87
巖,839,0.0011667774086379,87
山,646,0.01360088593577,87
松,510,0.0028677740863787,87
