text,size,freq,topic
有,1156,0.010766777408638,68
知,991,0.0073196013289037,68
無,990,0.013427242524917,68
後,816,0.0029138427464009,68
在,720,0.0063450719822813,68
