text,size,freq,topic
清,585,0.0064416389811739,58
幽,496,0.002366334440753,58
懷,488,0.0016575858250277,58
復,455,0.0032088593576966,58
林,417,0.0035809523809524,58
