text,size,freq,topic
公,1700,0.0027091915836102,32
子,872,0.005300553709856,32
卿,430,0.00051472868217054,32
謝,397,0.0013111849390919,32
劉,323,0.00036766334440753,32
