text,size,freq,topic
陽,2602,0.003824584717608,106
洛,1236,0.0010950166112957,106
東,876,0.0047060908084164,106
水,770,0.0093156146179402,106
夕,594,0.0018383167220377,106
