text,size,freq,topic
士,534,0.0013306755260244,66
子,528,0.005300553709856,66
生,411,0.0080372093023256,66
壯,409,0.00060509413067553,66
氣,390,0.0030866002214839,66
