text,size,freq,topic
古,1543,0.0034976744186047,39
草,737,0.0045785160575858,39
荒,724,0.0012279069767442,39
遺,676,0.0010870431893688,39
在,644,0.0063450719822813,39
