text,size,freq,topic
未,1383,0.0059393133997785,21
欲,1196,0.0042019933554817,21
已,1023,0.0043428571428571,21
猶,984,0.0031601328903654,21
盡,857,0.0045802879291251,21
