text,size,freq,topic
蒼,2023,0.0017993355481728,42
茫,879,0.00078139534883721,42
山,808,0.01360088593577,42
雲,700,0.010912070874862,42
白,652,0.0071565891472868,42
