text,size,freq,topic
多,2579,0.0056221483942414,9
過,1313,0.0029900332225914,9
何,1050,0.010493909191584,9
歌,827,0.0034897009966777,9
少,703,0.0025692137320044,9
