text,size,freq,topic
芳,1039,0.0023016611295681,123
蘭,961,0.0014236987818383,123
光,546,0.0040124031007752,123
華,542,0.0028119601328904,123
香,402,0.0037297895902547,123
