text,size,freq,topic
年,1775,0.0081133997785161,84
來,1437,0.010378737541528,84
往,1318,0.0014617940199336,84
去,1121,0.0065647840531561,84
今,1118,0.0050719822812846,84
