text,size,freq,topic
應,1015,0.0041258028792913,52
難,648,0.0034764119601329,52
時,532,0.0096442967884828,52
莫,508,0.0032159468438538,52
過,472,0.0029900332225914,52
