text,size,freq,topic
宮,1754,0.0026516057585825,134
殿,1127,0.0012146179401993,134
金,879,0.0056708748615725,134
玉,735,0.0052642303433001,134
御,658,0.00083543743078627,134
