text,size,freq,topic
人,1391,0.01765138427464,144
事,1275,0.0050462901439646,144
是,1079,0.0054431893687708,144
世,1016,0.0024912513842746,144
無,844,0.013427242524917,144
