text,size,freq,topic
惡,243,0.00038892580287929,91
敢,206,0.00082126245847176,91
危,198,0.00071849390919158,91
驅,184,0.00063875968992248,91
力,171,0.0011331118493909,91
