text,size,freq,topic
不,882,0.022252934662237,81
我,812,0.0047273532668882,81
苦,716,0.0019339977851606,81
食,659,0.0012057585825028,81
亦,539,0.0029076411960133,81
