text,size,freq,topic
悵,1071,0.00095060908084164,102
回,1028,0.0023822812846069,102
首,808,0.0013847176079734,102
惆,760,0.00067331118493909,102
望,649,0.0037643410852713,102
