text,size,freq,topic
玉,1401,0.0052642303433001,98
鳳,1388,0.0018197120708749,98
金,932,0.0056708748615725,98
龍,861,0.0033080841638981,98
仙,621,0.00299357696567,98
