text,size,freq,topic
眉,637,0.00084429678848284,10
女,582,0.0016691029900332,10
紅,573,0.0034640088593577,10
羅,470,0.00141926910299,10
歌,462,0.0034897009966777,10
