text,size,freq,topic
竹,880,0.0027233665559247,16
閒,865,0.0038688815060908,16
林,693,0.0035809523809524,16
深,662,0.0045900332225914,16
門,642,0.0056106312292359,16
