text,size,freq,topic
酒,3445,0.0042436323366556,75
醉,1580,0.0025373200442968,75
杯,788,0.0012385382059801,75
飲,607,0.0010746400885936,75
一,581,0.012883277962348,75
