text,size,freq,topic
今,2303,0.0050719822812846,34
日,1854,0.012614839424142,34
朝,1162,0.0049169435215947,34
人,1018,0.01765138427464,34
昔,751,0.0015424141749723,34
