text,size,freq,topic
懷,517,0.0016575858250277,1
可,395,0.0040841638981174,1
浩,384,0.00050498338870432,1
方,353,0.0033656699889258,1
永,315,0.00086467331118494,1
