text,size,freq,topic
天,1115,0.010428349944629,12
白,1087,0.0071565891472868,12
黃,834,0.0032248062015504,12
海,608,0.0036854928017719,12
漠,586,0.00052004429678848,12
