text,size,freq,topic
貴,888,0.0012314507198228,25
不,782,0.022252934662237,25
何,664,0.010493909191584,25
身,609,0.0038440753045404,25
貧,520,0.0010445182724252,25
