text,size,freq,topic
春,2650,0.0093306755260244,77
花,1658,0.0094369878183832,77
草,1488,0.0045785160575858,77
芳,1278,0.0023016611295681,77
日,725,0.012614839424142,77
