text,size,freq,topic
舊,1952,0.0032832779623477,65
新,1350,0.0045590254706534,65
故,1200,0.0026338870431894,65
依,905,0.0018135105204873,65
年,712,0.0081133997785161,65
