text,size,freq,topic
山,2176,0.01360088593577,50
間,1758,0.0029820598006645,50
還,1669,0.0041825027685493,50
關,1395,0.0023583610188261,50
閒,1121,0.0038688815060908,50
