text,size,freq,topic
人,1784,0.01765138427464,130
無,1649,0.013427242524917,130
有,1109,0.010766777408638,130
不,882,0.022252934662237,130
為,871,0.0081196013289037,130
