text,size,freq,topic
恩,1106,0.0017408637873754,2
主,707,0.0015884828349945,2
朝,626,0.0049169435215947,2
報,513,0.0009656699889258,2
重,442,0.0039459579180509,2
