text,size,freq,topic
月,2572,0.0091951273532669,116
夜,1916,0.0062617940199336,116
明,1273,0.0057612403100775,116
庭,767,0.0020925802879291,116
中,727,0.0096841638981174,116
