text,size,freq,topic
田,1300,0.001452934662237,62
野,713,0.0025275747508306,62
桑,623,0.00068305647840532,62
耕,583,0.00053864894795127,62
家,574,0.005099446290144,62
