text,size,freq,topic
春,965,0.0093306755260244,99
好,799,0.002343300110742,99
新,735,0.0045590254706534,99
宜,651,0.00093023255813953,99
早,629,0.0017001107419712,99
