text,size,freq,topic
青,1665,0.0054803986710963,6
白,1630,0.0071565891472868,6
雲,1622,0.010912070874862,6
山,1605,0.01360088593577,6
石,753,0.0037714285714286,6
