text,size,freq,topic
風,1382,0.013217275747508,124
飄,1247,0.0012022148394241,124
落,975,0.0052473975636766,124
雲,700,0.010912070874862,124
散,690,0.0016761904761905,124
