text,size,freq,topic
文,730,0.0025311184939092,37
賢,427,0.0013218161683278,37
才,422,0.001512292358804,37
方,291,0.0033656699889258,37
良,274,0.00098073089700997,37
