text,size,freq,topic
書,1939,0.0036544850498339,51
文,858,0.0025311184939092,51
字,841,0.00082126245847176,51
詩,557,0.0028066445182724,51
傳,459,0.0017461794019934,51
