text,size,freq,topic
南,2821,0.0048744186046512,95
北,2245,0.0028234772978959,95
東,1858,0.0047060908084164,95
西,1831,0.0042516057585825,95
山,786,0.01360088593577,95
