text,size,freq,topic
寂,1822,0.0016150609080842,105
空,919,0.0062750830564784,105
寥,831,0.00073709856035437,105
寞,601,0.00053244739756368,105
落,584,0.0052473975636766,105
