text,size,freq,topic
歸,2696,0.0070910299003322,89
衣,1942,0.0035472868217054,89
飛,1815,0.0046981173864895,89
微,1373,0.0023344407530454,89
稀,1170,0.001037430786268,89
