text,size,freq,topic
生,981,0.0080372093023256,146
死,849,0.001506976744186,146
悲,793,0.0019180509413068,146
不,652,0.022252934662237,146
哭,574,0.00051118493909192,146
