text,size,freq,topic
君,3544,0.0079255813953488,5
我,2809,0.0047273532668882,5
不,1306,0.022252934662237,5
為,1141,0.0081196013289037,5
與,1009,0.0045554817275748,5
