text,size,freq,topic
魚,1066,0.0017532668881506,64
水,974,0.0093156146179402,64
釣,780,0.00086821705426357,64
波,599,0.002312292358804,64
岸,506,0.001305869324474,64
