text,size,freq,topic
高,478,0.0061705426356589,59
毫,355,0.0003171650055371,59
刀,332,0.00051472868217054,59
勞,319,0.0011180509413068,59
石,298,0.0037714285714286,59
