text,size,freq,topic
時,974,0.0096442967884828,138
已,653,0.0043428571428571,138
復,635,0.0032088593576966,138
此,611,0.006988261351052,138
今,544,0.0050719822812846,138
