text,size,freq,topic
來,2571,0.010378737541528,63
開,2140,0.0044943521594684,63
回,1369,0.0023822812846069,63
臺,1337,0.0024265780730897,63
迴,972,0.0019162790697674,63
