text,size,freq,topic
聲,1421,0.0052571428571429,143
曲,997,0.0021244739756368,143
弦,834,0.0010135105204873,143
聽,704,0.0017027685492802,143
琴,673,0.0012633444075305,143
