text,size,freq,topic
君,2018,0.0079255813953488,7
不,1050,0.022252934662237,7
妾,639,0.00056699889258029,7
夫,602,0.0013510520487265,7
如,473,0.0074135105204873,7
