text,size,freq,topic
中,2074,0.0096841638981174,24
同,1548,0.0038467331118494,24
風,1276,0.013217275747508,24
空,1231,0.0062750830564784,24
通,1199,0.0017585825027685,24
