text,size,freq,topic
西,1079,0.0042516057585825,57
迷,857,0.00090985603543743,57
齊,747,0.00091517165005537,57
啼,713,0.0011596899224806,57
低,690,0.0010179401993355,57
