text,size,freq,topic
家,2219,0.005099446290144,53
花,1865,0.0094369878183832,53
斜,1141,0.0013253599114064,53
華,842,0.0028119601328904,53
春,733,0.0093306755260244,53
