text,size,freq,topic
不,1740,0.022252934662237,40
人,1703,0.01765138427464,40
有,1126,0.010766777408638,40
見,1109,0.0065993355481728,40
時,1060,0.0096442967884828,40
