text,size,freq,topic
不,1631,0.022252934662237,126
知,1060,0.0073196013289037,126
可,1058,0.0040841638981174,126
誰,1022,0.0042161683277962,126
憐,710,0.0017506090808416,126
