text,size,freq,topic
書,1482,0.0036544850498339,19
居,1192,0.0019357696566999,19
餘,1099,0.0021466223698782,19
疏,944,0.0016079734219269,19
虛,788,0.0016682170542636,19
