text,size,freq,topic
見,1125,0.0065993355481728,96
人,973,0.01765138427464,96
子,822,0.005300553709856,96
聞,746,0.0040407530454042,96
行,719,0.0067960132890365,96
