text,size,freq,topic
千,3613,0.0051153931339978,136
萬,3496,0.0048806201550388,136
里,2888,0.0035012181616833,136
一,1434,0.012883277962348,136
三,727,0.005125138427464,136
