text,size,freq,topic
無,1296,0.013427242524917,104
長,1025,0.0077749723145072,104
人,910,0.01765138427464,104
息,891,0.00098161683277962,104
不,767,0.022252934662237,104
