text,size,freq,topic
火,471,0.0015273532668882,41
味,270,0.00037297895902547,41
甘,229,0.00065204872646733,41
地,208,0.004325138427464,41
足,207,0.0014945736434109,41
