text,size,freq,topic
花,1382,0.0094369878183832,23
紅,1061,0.0034640088593577,23
香,871,0.0037297895902547,23
枝,746,0.0024947951273533,23
蝶,482,0.00045094130675526,23
