text,size,freq,topic
斷,1387,0.0020846068660022,140
江,956,0.0061953488372093,140
愁,812,0.0036562569213732,140
雨,805,0.0050613510520487,140
猿,730,0.0010914728682171,140
