text,size,freq,topic
陵,958,0.0016451827242525,45
秦,807,0.0015565891472868,45
城,766,0.0046431893687708,45
河,594,0.0023238095238095,45
漢,570,0.0025302325581395,45
