text,size,freq,topic
仙,1666,0.00299357696567,125
鶴,1028,0.0019162790697674,125
雲,843,0.010912070874862,125
煙,711,0.0045049833887043,125
霞,690,0.0014662236987818,125
