text,size,freq,topic
別,2262,0.0043215946843854,0
離,1755,0.002903211517165,0
思,927,0.0045111849390919,0
愁,908,0.0036562569213732,0
相,901,0.0082356589147287,0
