text,size,freq,topic
江,2348,0.0061953488372093,110
水,946,0.0093156146179402,110
樓,628,0.0033417497231451,110
上,616,0.0093669988925803,110
南,585,0.0048744186046512,110
