text,size,freq,topic
夜,2008,0.0062617940199336,78
燈,977,0.0011083056478405,78
月,906,0.0091951273532669,78
寒,844,0.0053466223698782,78
夢,687,0.0026436323366556,78
