text,size,freq,topic
兒,1406,0.001305869324474,118
子,1077,0.005300553709856,118
不,769,0.022252934662237,118
女,569,0.0016691029900332,118
家,561,0.005099446290144,118
