text,size,freq,topic
天,1622,0.010428349944629,47
九,919,0.002165227021041,47
三,909,0.005125138427464,47
龍,767,0.0033080841638981,47
地,673,0.004325138427464,47
