text,size,freq,topic
山,1782,0.01360088593577,114
林,865,0.0035809523809524,114
石,826,0.0037714285714286,114
泉,728,0.0022945736434109,114
深,714,0.0045900332225914,114
