text,size,freq,topic
禪,862,0.0003326271758718,114
師,775,0.00040285704363127,114
僧,677,0.0005865351593099,114
經,653,0.00063824286414379,114
寺,527,0.00055682252295012,114
