text,size,freq,topic
重,704,0.0013841458002925,109
入,664,0.0012475448487164,109
朝,634,0.0022095396856635,109
出,629,0.0015315513469085,109
臨,586,0.00066641198692644,109
