text,size,freq,topic
君,3876,0.0034921994682596,141
我,2481,0.0019189732547685,141
不,1593,0.010101524605536,141
為,1225,0.0034416493986085,141
與,913,0.0015365677660342,141
