text,size,freq,topic
明月,1065,0.0022990634731371,130
團圓,327,0.00012618223493048,130
月照,978,0.00080262706010828,130
光,1094,0.0015006810753659,130
鏡,751,0.0002897946741064,130
