text,size,freq,topic
裴回,288,0.00011113297755345,142
塵埃,400,0.00016554183114733,142
來,2528,0.0045491203902002,142
開,2239,0.0016689240552732,142
臺,1434,0.0008651393599821,142
