text,size,freq,topic
相,3459,0.0035794079853675,134
同,1005,0.0013860751922639,134
逢,998,0.00065483563509796,134
共,928,0.00068724942021771,134
見,752,0.0028639894423671,134
