text,size,freq,topic
馬,1916,0.0018761407530031,106
車,1213,0.0006471180672123,106
行,869,0.0029531273514465,106
門,856,0.0023002211083199,106
出,755,0.0015315513469085,106
