text,size,freq,topic
管弦,479,0.000343817649306,27
彈琴,426,0.00016438419596448,27
聲,1614,0.0022531439442174,27
曲,907,0.00084353016990226,27
聽,816,0.00044954832933949,27
