text,size,freq,topic
迢遞,330,0.00012733987011333,78
次第,380,0.00014663378982747,78
相逢,289,0.00065483563509796,78
一,923,0.0056878475317289,78
將,639,0.0016812721638903,78
