text,size,freq,topic
田,1492,0.00057573056426998,33
桑,639,0.00024657629394673,33
野,629,0.00072622313804028,33
耕,548,0.00021146136006699,33
村,403,0.00028709352534642,33
