text,size,freq,topic
水,1251,0.0042381024044083,82
清,1006,0.0024634476691016,82
流,834,0.0017515020316497,82
碧,660,0.00057804583463567,82
光,516,0.0015006810753659,82
