text,size,freq,topic
如,2264,0.0032232422274444,63
似,1663,0.0013501885015956,63
不,1606,0.010101524605536,63
何,1057,0.0045468051198345,63
有,937,0.0045715013370686,63
