text,size,freq,topic
江,1424,0.002724687342031,126
湘,1204,0.00046459758671652,126
水,975,0.0042381024044083,126
楚,952,0.00076558273425713,126
客,892,0.0023307055014683,126
