text,size,freq,topic
一,2754,0.0056878475317289,116
三,1226,0.0021254181957098,116
兩,1211,0.0004672987354765,116
不,1137,0.010101524605536,116
百,933,0.00060235617347549,116
