text,size,freq,topic
人,1313,0.007996557964723,136
不,1276,0.010101524605536,136
無,1172,0.0058171167938136,136
天,1132,0.0044310416015497,136
為,1027,0.0034416493986085,136
