text,size,freq,topic
苦,1087,0.00070808685350899,85
心,1061,0.0032633735804499,85
知,1001,0.0032869121625011,85
難,878,0.0012132016716252,85
自,778,0.0029866987717491,85
