text,size,freq,topic
可憐,1257,0.00064055813450949,7
不可,1750,0.0015925201332052,7
誰能,947,0.00095890780979282,7
誰憐,1257,0.00064055813450949,7
誰知,1022,0.001454375668052,7
