text,size,freq,topic
宮,1762,0.0011931359951225,103
金,1614,0.0022627909040745,103
玉,1540,0.0023040798922628,103
殿,973,0.00052247934585895,103
鎖,325,0.00012541047814192,103
