text,size,freq,topic
生,1271,0.0032791945946155,20
平,1222,0.0011209767353916,20
行,1115,0.0029531273514465,20
此,1026,0.002959301405755,20
天,1010,0.0044310416015497,20
