text,size,freq,topic
淒涼,339,0.00022188007671262,21
露滴,282,0.00020181440020992,21
秋,1560,0.0031001470196682,21
月,1283,0.0039892108400959,21
