text,size,freq,topic
臣,546,0.00046845637065935,117
國,470,0.0010009685547696,117
德,466,0.00051090299403046,117
皇,443,0.00042215096334541,117
天,434,0.0044310416015497,117
