text,size,freq,topic
關河,893,0.00088906382042763,110
征戰,288,0.0003191214320719,110
胡沙,861,0.00040324292202555,110
征戍,402,0.0001551231145017,110
邊,1105,0.001066953760192,110
