text,size,freq,topic
木,1228,0.00065406387830939,137
空,948,0.0023970765852849,137
中,930,0.0039710745555646,137
人,921,0.007996557964723,137
草,836,0.0017144577057986,137
