text,size,freq,topic
鄉,1756,0.0009145317944503,115
故,1276,0.00086128057603927,115
歸,1146,0.002977051811892,115
思,825,0.0016114281745251,115
客,720,0.0023307055014683,115
