text,size,freq,topic
寒,1399,0.0023345642854111,124
難,1381,0.0012132016716252,124
看,1323,0.0012745563363162,124
殘,730,0.00056029542849866,124
安,646,0.00063824286414379,124
