text,size,freq,topic
煙霞,263,0.0004290967744425,111
花,1877,0.0042558528105453,111
斜,1173,0.00045263535649375,111
華,780,0.00076712624783426,111
春,675,0.0041566820632146,111
