text,size,freq,topic
文,948,0.0010445728133236,132
才,536,0.0005301969137446,132
賢,426,0.00033764359499747,132
詞,317,0.00012232345098766,132
賦,293,0.00023847284766679,132
