text,size,freq,topic
猛虎,197,7.6018043673717E-5,52
壯士,249,0.00018830865641002,52
劍,298,0.00048003272248784,52
殺,241,9.2996693022161E-5,52
鬼,237,9.145317944503E-5,52
