text,size,freq,topic
桃李,691,0.00036041042026016,49
桃花,1602,0.00061817718764109,49
杏花,358,0.00013814446515325,49
落花,731,0.0022979058379542,49
花發,450,0.00028362061979788,49
