text,size,freq,topic
公卿,330,0.00012733987011333,104
謝公,360,0.00034536116288313,104
諸侯,285,0.00023770109087822,104
公子,766,0.00096585362088991,104
公主,594,0.000229211766204,104
