text,size,freq,topic
春,2353,0.0041566820632146,105
草,2315,0.0017144577057986,105
花,1386,0.0042558528105453,105
芳,1228,0.0010229636232438,105
綠,745,0.00071696205657749,105
