text,size,freq,topic
相逢,998,0.00065483563509796,134
攜手,394,0.00029133818768353,134
相思,476,0.0016114281745251,134
相見,752,0.0028639894423671,134
相憶,455,0.00072776665161741,134
