text,size,freq,topic
何處,2321,0.0022427252275718,120
借問,474,0.00018290635889006,120
幾處,764,0.00099016395972973,120
去,712,0.0025722653762893,120
人,646,0.007996557964723,120
