text,size,freq,topic
蘭蕙,264,0.00010187189609067,36
芳,821,0.0010229636232438,36
