text,size,freq,topic
秋,1580,0.0031001470196682,2
聲,1387,0.0022531439442174,2
寒,802,0.0023345642854111,2
蟬,732,0.00028246298461503,2
色,689,0.0012309520777622,2
