text,size,freq,topic
歌,2379,0.0015091704000401,3
多,1777,0.0020200733940706,3
過,818,0.00048929380395062,3
和,724,0.00052749576498462,3
曲,682,0.00084353016990226,3
