text,size,freq,topic
清涼,1004,0.00058499164573276,53
風,835,0.0059282497713671,53
雨,746,0.0021914034011322,53
秋,549,0.0031001470196682,53
夏,536,0.00020683081933559,53
