text,size,freq,topic
軍,1331,0.00051360414279044,139
將,1236,0.0016812721638903,139
兵,810,0.00039745474611131,139
戰,745,0.00039861238129416,139
馬,629,0.0018761407530031,139
