text,size,freq,topic
杯酒,790,0.00048157623606497,133
酒醒,520,0.00020065676502707,133
飲酒,685,0.00026432670008374,133
對酒,304,0.0004067158275741,133
尊酒,223,0.00029751224199206,133
