text,size,freq,topic
長,977,0.0030183408000803,6
朝,956,0.0022095396856635,6
日,879,0.0054412712377821,6
城,753,0.0019830290682194,6
門,652,0.0023002211083199,6
