text,size,freq,topic
草木,836,0.00065406387830939,137
古木,592,0.00065406387830939,137
空,948,0.0023970765852849,137
中,930,0.0039710745555646,137
人,921,0.007996557964723,137
