text,size,freq,topic
是,920,0.0023268467175254,144
應,672,0.0015674380375768,144
將,651,0.0016812721638903,144
似,613,0.0013501885015956,144
作,530,0.0010256647720038,144
