text,size,freq,topic
陽,2982,0.0015288501981486,138
洛,1263,0.00048736441197921,138
夕,942,0.00046459758671652,138
東,859,0.0019718385947852,138
水,854,0.0042381024044083,138
