text,size,freq,topic
子,952,0.0020115840693964,66
公,855,0.00096585362088991,66
王,814,0.0011248355193344,66
侯,437,0.00041211812509406,66
張,399,0.00015396547931885,66
