text,size,freq,topic
有,2058,0.0045715013370686,41
無,1333,0.0058171167938136,41
不,1134,0.010101524605536,41
知,1106,0.0032869121625011,41
人,946,0.007996557964723,41
