text,size,freq,topic
書,2497,0.0015029963457316,92
居,1204,0.00074783232812012,92
餘,1181,0.00062203597158392,92
疏,960,0.00037044325851151,92
初,768,0.00065985205422363,92
