text,size,freq,topic
依舊,952,0.00074011476023446,87
故園,396,0.00047308691139074,87
新,1487,0.0018271341969292,87
年,749,0.0036376756229042,87
在,747,0.0025344492936496,87
