text,size,freq,topic
水,1255,0.0042381024044083,112
池,1157,0.00098669105418119,112
蓮,813,0.0004020852868427,112
魚,719,0.00075362050403436,112
塘,662,0.00025545149701523,112
