text,size,freq,topic
讀書,330,0.00012733987011333,92
寄書,366,0.00048119035767068,92
卷舒,285,0.00010997534237061,92
有餘,481,0.00062203597158392,92
居,1204,0.00074783232812012,92
