text,size,freq,topic
回,1755,0.0010955087613689,70
首,1328,0.00051244650760759,70
白,939,0.0030816248567426,70
日,833,0.0054412712377821,70
一,655,0.0056878475317289,70
