text,size,freq,topic
南,2781,0.0021840717116408,96
北,2119,0.0011831031568711,96
東,2022,0.0019718385947852,96
西,1853,0.0018325364944491,96
山,730,0.0060050395718293,96
