text,size,freq,topic
頭,1421,0.0013254922843615,25
上,1130,0.0038259842793142,25
前,1038,0.0016064117553994,25
來,702,0.0045491203902002,25
白,687,0.0030816248567426,25
