text,size,freq,topic
歸,2708,0.002977051811892,8
飛,1903,0.0018448846030662,8
衣,1892,0.0014856318179889,8
微,1473,0.0010098437578382,8
稀,1202,0.00046382582992796,8
