text,size,freq,topic
然,425,0.0007347124627145,39
茲,398,0.00026046791614091,39
懷,341,0.00056878475317289,39
方,284,0.0011645809939456,39
鬱,259,9.9942504119252E-5,39
