text,size,freq,topic
青,717,0.0023754673952051,146
畫,685,0.00053791448163026,146
天,590,0.0044310416015497,146
風,556,0.0059282497713671,146
中,539,0.0039710745555646,146
