text,size,freq,topic
萬里,3514,0.0014798436420746,40
千里,3514,0.0014798436420746,40
千萬,3875,0.0020000077175679,40
千載,215,0.00028632176855786,40
千萬里,3875,0.0020000077175679,40
