text,size,freq,topic
花,3230,0.0042558528105453,49
春,1691,0.0041566820632146,49
桃,1602,0.00061817718764109,49
紅,834,0.0014759848581318,49
落,731,0.0022979058379542,49
