text,size,freq,topic
雪,2509,0.0015824872949539,45
寒,1723,0.0023345642854111,45
霜,873,0.0007841048971827,45
冰,825,0.00031834967528333,45
風,571,0.0059282497713671,45
