text,size,freq,topic
簾,1015,0.00039166657019707,88
卷,575,0.00036426920420299,88
香,561,0.0016940061509016,88
窗,554,0.00063862874253808,88
樓,550,0.0012722410659505,88
