text,size,freq,topic
聲,1614,0.0022531439442174,27
曲,907,0.00084353016990226,27
弦,842,0.00045572238364802,27
聽,816,0.00044954832933949,27
琴,713,0.00042948265283679,27
