text,size,freq,topic
不,1385,0.010101524605536,108
貴,864,0.00033339893266036,108
者,801,0.00063669935056666,108
何,631,0.0045468051198345,108
無,596,0.0058171167938136,108
