text,size,freq,topic
年,2729,0.0036376756229042,128
白,1292,0.0030816248567426,128
老,1165,0.0013085136350131,128
少,1156,0.001090106463849,128
髮,759,0.00052903927856175,128
