text,size,freq,topic
復,929,0.0008628240896164,148
歎,708,0.00027320190315224,148
忽,647,0.00055643664455583,148
已,646,0.0014254347884808,148
歲,588,0.00070654333993185,148
