text,size,freq,topic
那堪,356,0.0002539079834381,0
何處,497,0.0022427252275718,0
向,974,0.0010785301120205,0
年,875,0.0036376756229042,0
知,777,0.0032869121625011,0
