text,size,freq,topic
神,655,0.00091183064569032,43
禮,566,0.00021840717116408,43
德,549,0.00051090299403046,43
肅,492,0.00018985216998715,43
惟,484,0.00018676514283289,43
