text,size,freq,topic
少年,1156,0.001090106463849,128
白髮,759,0.00052903927856175,128
鬢髮,683,0.00026355494329517,128
白頭,518,0.0013254922843615,128
老,1165,0.0013085136350131,128
