text,size,freq,topic
高,1530,0.0024429961142046,16
勞,890,0.00034343177091171,16
未,641,0.0024487842901188,16
何,627,0.0045468051198345,16
自,520,0.0029866987717491,16
