text,size,freq,topic
月,1779,0.0039892108400959,130
光,1094,0.0015006810753659,130
明,1065,0.0022990634731371,130
照,978,0.00080262706010828,130
鏡,751,0.0002897946741064,130
