text,size,freq,topic
明月,2148,0.0022990634731371,100
昨夜,203,0.00029905575556919,100
半夜,607,0.00075825104476575,100
月照,391,0.00080262706010828,100
夜月,2512,0.002809194710379,100
