text,size,freq,topic
滄海,994,0.00038356312391713,4
滄洲,454,0.00034536116288313,4
滄浪,564,0.00038356312391713,4
滄溟,331,0.00012772574850762,4
波濤,313,0.00019795561626709,4
