text,size,freq,topic
山,2080,0.0060050395718293,60
間,1954,0.0011090145051688,60
還,1861,0.0013007960671274,60
閒,1487,0.001604482363428,60
關,1416,0.0010565350435464,60
