text,size,freq,topic
今,1714,0.0020208451508592,54
朝,1284,0.0022095396856635,54
日,1158,0.0054412712377821,54
人,1143,0.007996557964723,54
古,892,0.0013262640411501,54
