text,size,freq,topic
西,985,0.0018325364944491,81
迷,877,0.00033841535178604,81
低,779,0.00030059926914632,81
齊,725,0.00027976183585505,81
啼,685,0.00040362880041984,81
