text,size,freq,topic
眉,836,0.00032259433762044,97
紅,774,0.0014759848581318,97
羅,531,0.00039243832698563,97
妝,449,0.00017325939903299,97
舞,448,0.00060351380865834,97
