text,size,freq,topic
諸侯,277,0.00023770109087822,66
公子,855,0.00096585362088991,66
張,399,0.00015396547931885,66
梁,316,0.00020335791378705,66
魯,291,0.0001122906127363,66
