text,size,freq,topic
吳王,869,0.00043642846393388,86
國,937,0.0010009685547696,86
宮,770,0.0011931359951225,86
西,679,0.0018325364944491,86
城,673,0.0019830290682194,86
