text,size,freq,topic
不,1862,0.010101524605536,7
可,1750,0.0015925201332052,7
誰,1545,0.001454375668052,7
憐,1257,0.00064055813450949,7
知,1022,0.0032869121625011,7
