text,size,freq,topic
闌干,572,0.00022072244152978,124
寒,1399,0.0023345642854111,124
難,1381,0.0012132016716252,124
看,1323,0.0012745563363162,124
殘,730,0.00056029542849866,124
