text,size,freq,topic
與君,913,0.0015365677660342,141
為君,1225,0.0034416493986085,141
為我,1225,0.0019189732547685,141
使君,412,0.00040285704363127,141
使我,412,0.00040285704363127,141
