text,size,freq,topic
今日,1882,0.0020208451508592,30
今年,1657,0.0020208451508592,30
昔年,1008,0.00048775029037349,30
憶昔,394,0.00048775029037349,30
昨日,276,0.00029905575556919,30
