text,size,freq,topic
依稀,966,0.00046382582992796,8
掩扉,409,0.00015782426326168,8
霏微,347,0.00013389980281614,8
