text,size,freq,topic
秋,1560,0.0031001470196682,21
月,1283,0.0039892108400959,21
夜,1021,0.002809194710379,21
露,952,0.00092610814627878,21
風,844,0.0059282497713671,21
