text,size,freq,topic
仙,1947,0.0012452295783507,38
鶴,878,0.00061238901172684,38
丹,807,0.00055759427973868,38
洞,705,0.00042292272013398,38
霞,546,0.0004290967744425,38
