text,size,freq,topic
無,660,0.0058171167938136,64
都,533,0.00020567318415275,64
夫,451,0.00038086197515715,64
殊,353,0.00013621507318184,64
大,352,0.00079722476258832,64
