text,size,freq,topic
管弦,339,0.000343817649306,29
歌舞,602,0.00060351380865834,29
樂,807,0.00069226583934339,29
酒,682,0.001884244199283,29
筵,553,0.0002133907520384,29
