text,size,freq,topic
病,1649,0.00063631347217238,123
老,1049,0.0013085136350131,123
多,941,0.0020200733940706,123
身,840,0.0015500735098341,123
閒,609,0.001604482363428,123
