text,size,freq,topic
郎官,499,0.00028632176855786,34
書,682,0.0015029963457316,34
吏,635,0.00024503278036959,34
朝,538,0.0022095396856635,34
府,506,0.00019525446750711,34
