text,size,freq,topic
流水,834,0.0017515020316497,82
清,1006,0.0024634476691016,82
碧,660,0.00057804583463567,82
光,516,0.0015006810753659,82
空,468,0.0023970765852849,82
