text,size,freq,topic
詩,2601,0.0012128157932309,61
吟,1354,0.0010596220707006,61
句,773,0.00029828399878062,61
新,613,0.0018271341969292,61
題,573,0.00022110831992406,61
