text,size,freq,topic
石,1474,0.001469424925429,79
峰,856,0.00073548421950307,79
山,838,0.0060050395718293,79
巖,802,0.00042562386889396,79
雲,621,0.0045120760643491,79
