text,size,freq,topic
峰,1050,0.00073548421950307,23
山,961,0.0060050395718293,23
寺,916,0.00055682252295012,23
松,868,0.0011827172784769,23
僧,843,0.0005865351593099,23
