text,size,freq,topic
夜,1867,0.002809194710379,67
燈,1103,0.00042562386889396,67
月,895,0.0039892108400959,67
夢,876,0.00114335768226,67
殘,722,0.00056029542849866,67
