text,size,freq,topic
江,1780,0.002724687342031,107
釣,833,0.00032143670243759,107
船,763,0.0003908948134085,107
漁,715,0.00027590305191222,107
水,677,0.0042381024044083,107
