text,size,freq,topic
南北,2119,0.0011831031568711,96
東西,1853,0.0018325364944491,96
東南,2022,0.0019718385947852,96
西北,1853,0.0011831031568711,96
西南,1853,0.0018325364944491,96
