text,size,freq,topic
世間,920,0.00093228220058731,119
人間,920,0.0011090145051688,119
世事,950,0.00093228220058731,119
世人,1415,0.00093228220058731,119
身,1095,0.0015500735098341,119
