text,size,freq,topic
平生,905,0.0011209767353916,50
姓名,210,8.1034462799393E-5,50
縱橫,242,9.3382571416444E-5,50
情,1293,0.0013135300541387,50
行,1029,0.0029531273514465,50
