text,size,freq,topic
未,1241,0.0024487842901188,48
已,1101,0.0014254347884808,48
猶,849,0.00097357118877557,48
恩,599,0.00071040212387468,48
朝,485,0.0022095396856635,48
