text,size,freq,topic
斷,2142,0.00082655152055381,74
愁,914,0.0013744988404354,74
腸,855,0.00032992602711182,74
夢,801,0.00114335768226,74
淚,781,0.00072815253001169,74
