text,size,freq,topic
雲,1221,0.0045120760643491,68
山,1131,0.0060050395718293,68
路,850,0.0020702375853274,68
遠,616,0.0020027088663279,68
望,614,0.0014281359372407,68
