text,size,freq,topic
煙霞,345,0.0004290967744425,38
神仙,273,0.00091183064569032,38
紫芝,331,0.00012772574850762,38
鶴,878,0.00061238901172684,38
洞,705,0.00042292272013398,38
