text,size,freq,topic
道士,671,0.0003550081227402,59
世,696,0.00093228220058731,59
隱,605,0.0003908948134085,59
何,525,0.0045468051198345,59
名,498,0.0012344249833108,59
