text,size,freq,topic
是,1019,0.0023268467175254,149
不,938,0.010101524605536,149
得,912,0.0023874296254278,149
一,815,0.0056878475317289,149
應,666,0.0015674380375768,149
