text,size,freq,topic
不可,586,0.0015925201332052,118
生死,631,0.00063322644501812,118
如,1072,0.0032232422274444,118
何,951,0.0045468051198345,118
一,798,0.0056878475317289,118
