text,size,freq,topic
芳草,1228,0.0010229636232438,105
春草,2315,0.0017144577057986,105
草色,671,0.0012309520777622,105
春色,671,0.0012309520777622,105
草萋萋,265,0.00010225777448495,105
