text,size,freq,topic
悵,1105,0.00042639562568252,135
惆,783,0.00030214278272345,135
春,711,0.0041566820632146,135
日,696,0.0054412712377821,135
人,598,0.007996557964723,135
