text,size,freq,topic
月,3342,0.0039892108400959,100
夜,2512,0.002809194710379,100
明,2148,0.0022990634731371,100
風,835,0.0059282497713671,100
清,620,0.0024634476691016,100
