text,size,freq,topic
香,1121,0.0016940061509016,77
金,883,0.0022627909040745,77
紅,762,0.0014759848581318,77
翠,741,0.00076905563980567,77
錦,713,0.00036272569062586,77
