text,size,freq,topic
風吹,485,0.00068493414985202,42
輕,687,0.0009863051757869,42
雨,518,0.0021914034011322,42
起,447,0.0007841048971827,42
動,427,0.00049353846628773,42
