text,size,freq,topic
殘燈,722,0.00042562386889396,67
夜,1867,0.002809194710379,67
月,895,0.0039892108400959,67
寒,587,0.0023345642854111,67
枕,545,0.00032336609440901,67
