text,size,freq,topic
偏宜,610,0.00023538582051252,71
好,783,0.0005683988747786,71
愛,550,0.00021223311685555,71
共,525,0.00068724942021771,71
自,460,0.0029866987717491,71
