text,size,freq,topic
鳳,1526,0.00073162543556024,102
玉,1138,0.0023040798922628,102
龍,826,0.0013810587731382,102
天,753,0.0044310416015497,102
仙,711,0.0012452295783507,102
