text,size,freq,topic
煙,1066,0.0017904757494723,31
紅,607,0.0014759848581318,31
雨,601,0.0021914034011322,31
碧,592,0.00057804583463567,31
露,548,0.00092610814627878,31
