text,size,freq,topic
兒,1105,0.00042639562568252,147
不,999,0.010101524605536,147
子,582,0.0020115840693964,147
家,530,0.0022299912405604,147
食,499,0.00028825116052927,147
