text,size,freq,topic
向,974,0.0010785301120205,0
處,941,0.0022427252275718,0
年,875,0.0036376756229042,0
知,777,0.0032869121625011,0
是,763,0.0023268467175254,0
