text,size,freq,topic
寂,1900,0.00073316894913737,62
空,1244,0.0023970765852849,62
寥,851,0.00032838251353468,62
無,822,0.0058171167938136,62
寞,623,0.0002404022396382,62
