text,size,freq,topic
回首,1328,0.00051244650760759,70
白首,939,0.00051244650760759,70
幾回,510,0.00099016395972973,70
日,833,0.0054412712377821,70
一,655,0.0056878475317289,70
