text,size,freq,topic
慚愧,326,0.0001933250755357,48
猶未,849,0.00097357118877557,48
已,1101,0.0014254347884808,48
恩,599,0.00071040212387468,48
朝,485,0.0022095396856635,48
