text,size,freq,topic
登臨,790,0.00053058279213889,65
極目,408,0.00017827581815867,65
高樓,627,0.0012722410659505,65
登高,853,0.00053058279213889,65
登樓,627,0.00053058279213889,65
