text,size,freq,topic
風,1296,0.0059282497713671,42
飄,1010,0.00049894076380769,42
輕,687,0.0009863051757869,42
雨,518,0.0021914034011322,42
吹,485,0.00068493414985202,42
