text,size,freq,topic
宛轉,349,0.00013467155960471,57
無,976,0.0058171167938136,57
天,871,0.0044310416015497,57
長,857,0.0030183408000803,57
日,780,0.0054412712377821,57
