text,size,freq,topic
之,2522,0.00097318531038129,35
兮,1728,0.00066679786532072,35
其,1011,0.00059386684880127,35
不,1006,0.010101524605536,35
以,958,0.0007594086799486,35
