text,size,freq,topic
寂寞,623,0.0002404022396382,62
寂寥,851,0.00032838251353468,62
消息,444,0.00017133000706157,62
寥落,612,0.00032838251353468,62
空,1244,0.0023970765852849,62
