text,size,freq,topic
宮殿,973,0.00052247934585895,103
黃金,253,0.001196608900671,103
金殿,973,0.00052247934585895,103
宮女,290,0.00050087015577911,103
玉,1540,0.0023040798922628,103
