text,size,freq,topic
一片,523,0.00033648595981462,116
百尺,299,0.00032182258083188,116
兩三,1211,0.0004672987354765,116
三尺,299,0.00032182258083188,116
四面,344,0.00033224129747751,116
