text,size,freq,topic
悠,1761,0.00067953185233206,37
流,1370,0.0017515020316497,37
遊,1053,0.0012433001863793,37
頭,977,0.0013254922843615,37
樓,943,0.0012722410659505,37
