text,size,freq,topic
天地,862,0.0015875037140795,121
星斗,259,0.0001751887910044,121
星河,625,0.00062319360676676,121
天上,982,0.0038259842793142,121
月,733,0.0039892108400959,121
