text,size,freq,topic
雲,1775,0.0045120760643491,131
聞,1750,0.0015145726975601,131
君,1602,0.0034921994682596,131
分,1203,0.0010098437578382,131
紛,1011,0.00039012305661994,131
