text,size,freq,topic
清,1103,0.0024634476691016,19
光,676,0.0015006810753659,19
氣,643,0.0010630949762492,19
動,528,0.00049353846628773,19
色,516,0.0012309520777622,19
