text,size,freq,topic
恩,804,0.00071040212387468,140
承,639,0.00024657629394673,140
宮,560,0.0011931359951225,140
臣,415,0.00046845637065935,140
紫,413,0.00059811151113838,140
