text,size,freq,topic
別離,1460,0.0012641376196705,129
岐路,276,0.00010650243682206,129
行,1156,0.0029531273514465,129
去,1112,0.0025722653762893,129
遠,834,0.0020027088663279,129
