text,size,freq,topic
古,1044,0.0013262640411501,22
荒,697,0.00038742190785996,22
悲,666,0.00065637914867509,22
生,656,0.0032791945946155,22
草,485,0.0017144577057986,22
