text,size,freq,topic
羽翼,367,0.0001416173707018,15
燕雀,382,0.00014740554661604,15
羽毛,269,0.00024310338839818,15
飛,1459,0.0018448846030662,15
鳥,780,0.0010850900447233,15
