text,size,freq,topic
家,2433,0.0022299912405604,111
花,1877,0.0042558528105453,111
斜,1173,0.00045263535649375,111
華,780,0.00076712624783426,111
春,675,0.0041566820632146,111
