text,size,freq,topic
人,1600,0.007996557964723,119
世,1415,0.00093228220058731,119
身,1095,0.0015500735098341,119
事,950,0.0020378238002076,119
間,920,0.0011090145051688,119
