text,size,freq,topic
高,1173,0.0024429961142046,65
望,1086,0.0014281359372407,65
登,853,0.00053058279213889,65
臨,790,0.00066641198692644,65
遠,776,0.0020027088663279,65
