text,size,freq,topic
蕭條,643,0.00045649414043658,99
蕭索,272,0.00010495892324493,99
零落,345,0.00013312804602757,99
蕭颯,300,0.00011576351828485,99
秋風,1207,0.0031001470196682,99
