text,size,freq,topic
馬,1822,0.0018761407530031,91
金,1154,0.0022627909040745,91
白,569,0.0030816248567426,91
黃,514,0.001196608900671,91
玉,492,0.0023040798922628,91
