text,size,freq,topic
時,2291,0.0040648430053753,1
遲,1693,0.00065329212152082,1
期,1433,0.00085587827851931,1
知,730,0.0032869121625011,1
日,599,0.0054412712377821,1
