text,size,freq,topic
山,2061,0.0060050395718293,5
林,858,0.0013366827577957,5
雲,852,0.0045120760643491,5
溪,797,0.00063824286414379,5
水,784,0.0042381024044083,5
