text,size,freq,topic
窮通,878,0.00043565670714531,69
中,2242,0.0039710745555646,69
同,1684,0.0013860751922639,69
空,1168,0.0023970765852849,69
與,1057,0.0015365677660342,69
