text,size,freq,topic
幽,668,0.00087517219823345,9
清,636,0.0024634476691016,9
景,582,0.00055450725258442,9
遊,490,0.0012433001863793,9
賞,469,0.00018097696691865,9
