text,size,freq,topic
瀟湘,395,0.00015242196574172,126
洞庭,391,0.00042292272013398,126
湘水,975,0.00046459758671652,126
江南,783,0.0021840717116408,126
湘江,1204,0.00046459758671652,126
