text,size,freq,topic
枝,944,0.0011140309242945,80
樹,828,0.0017893181142895,80
葉,752,0.0011962230222768,80
根,573,0.00034921994682596,80
木,467,0.00065406387830939,80
