text,size,freq,topic
白髮,612,0.00052903927856175,55
白雲,1204,0.0030816248567426,55
青山,1236,0.0023754673952051,55
青雲,1204,0.0023754673952051,55
上,849,0.0038259842793142,55
