text,size,freq,topic
陵,1085,0.00058151874018422,101
山,794,0.0060050395718293,101
路,781,0.0020702375853274,101
水,766,0.0042381024044083,101
東,701,0.0019718385947852,101
