text,size,freq,topic
白,2705,0.0030816248567426,55
青,2515,0.0023754673952051,55
山,1236,0.0060050395718293,55
雲,1204,0.0045120760643491,55
上,849,0.0038259842793142,55
