text,size,freq,topic
男兒,293,0.00011306236952487,147
骨肉,265,0.00010302953127351,147
不,999,0.010101524605536,147
子,582,0.0020115840693964,147
家,530,0.0022299912405604,147
