text,size,freq,topic
竹,1461,0.0009909357165183,72
閒,574,0.001604482363428,72
幽,533,0.00087517219823345,72
小,416,0.00053174042732173,72
茅,415,0.00016013953362737,72
