text,size,freq,topic
笙歌,319,0.00012309520777622,3
歌舞,514,0.00060351380865834,3
多,1777,0.0020200733940706,3
過,818,0.00048929380395062,3
和,724,0.00052749576498462,3
