text,size,freq,topic
來,2528,0.0045491203902002,142
開,2239,0.0016689240552732,142
臺,1434,0.0008651393599821,142
回,1084,0.0010955087613689,142
迴,1012,0.00039050893501422,142
