text,size,freq,topic
君,1804,0.0034921994682596,93
不,948,0.010101524605536,93
妾,704,0.00027165838957511,93
女,692,0.00050087015577911,93
夫,536,0.00038086197515715,93
