text,size,freq,topic
龍,320,0.0013810587731382,51
如,305,0.0032232422274444,51
尾,234,9.0295544262181E-5,51
泥,231,0.00031487676973479,51
骨,227,0.0003279966351404,51
