text,size,freq,topic
關山,1416,0.0010565350435464,60
間,1954,0.0011090145051688,60
還,1861,0.0013007960671274,60
顏,609,0.00050087015577911,60
外,419,0.00081960570945672,60
