text,size,freq,topic
石,1390,0.001469424925429,44
松,1031,0.0011827172784769,44
苔,889,0.00045533650525373,44
山,749,0.0060050395718293,44
竹,689,0.0009909357165183,44
