text,size,freq,topic
我,1122,0.0019189732547685,26
所,970,0.00065676502706937,26
無,710,0.0058171167938136,26
亦,675,0.00095003260672432,26
有,611,0.0045715013370686,26
