text,size,freq,topic
如何,1057,0.0032232422274444,63
不如,1606,0.0032232422274444,63
不見,873,0.0028639894423671,63
似,1663,0.0013501885015956,63
有,937,0.0045715013370686,63
