text,size,freq,topic
秦川,547,0.00041906393619115,101
山,794,0.0060050395718293,101
路,781,0.0020702375853274,101
水,766,0.0042381024044083,101
東,701,0.0019718385947852,101
