text,size,freq,topic
蒼茫,903,0.00034844819003739,11
杳冥,366,0.00014123149230751,11
天,1094,0.0044310416015497,11
長,705,0.0030183408000803,11
