text,size,freq,topic
池塘,662,0.00025545149701523,112
采蓮,233,8.9909665867898E-5,112
採蓮,165,6.3669935056666E-5,112
荷葉,421,0.00024696217234101,112
水,1255,0.0042381024044083,112
