text,size,freq,topic
承恩,639,0.00024657629394673,140
宮,560,0.0011931359951225,140
臣,415,0.00046845637065935,140
奉,409,0.00015782426326168,140
御,408,0.00025776676738093,140
