text,size,freq,topic
別離,1449,0.0012641376196705,56
離恨,962,0.00057573056426998,56
情,1237,0.0013135300541387,56
愁,933,0.0013744988404354,56
思,894,0.0016114281745251,56
