text,size,freq,topic
楊柳,1124,0.0004337273151739,84
垂楊,739,0.0004337273151739,84
攀折,276,0.00024503278036959,84
柳條,540,0.00045649414043658,84
春風,920,0.0041566820632146,84
