text,size,freq,topic
富貴,477,0.00018406399407291,108
貧賤,378,0.00014586203303891,108
貴賤,378,0.00014586203303891,108
不,1385,0.010101524605536,108
者,801,0.00063669935056666,108
