text,size,freq,topic
人,1813,0.007996557964723,122
塵,1703,0.0013200899868415,122
春,1330,0.0041566820632146,122
新,1081,0.0018271341969292,122
身,888,0.0015500735098341,122
