text,size,freq,topic
參差,643,0.00024811980752386,113
殷勤,500,0.00019293919714141,113
中,856,0.0039710745555646,113
上,724,0.0038259842793142,113
風,629,0.0059282497713671,113
