text,size,freq,topic
虎,545,0.00021030372488414,52
壯,308,0.00018830865641002,52
劍,298,0.00048003272248784,52
士,249,0.0003550081227402,52
殺,241,9.2996693022161E-5,52
