text,size,freq,topic
天,2359,0.0044310416015497,121
星,1084,0.00062319360676676,121
上,982,0.0038259842793142,121
地,862,0.0015875037140795,121
月,733,0.0039892108400959,121
