text,size,freq,topic
雨,1463,0.0021914034011322,143
雲,1451,0.0045120760643491,143
山,1255,0.0060050395718293,143
江,778,0.002724687342031,143
暮,733,0.00073432658432022,143
