text,size,freq,topic
好,783,0.0005683988747786,71
偏,666,0.00025699501059236,71
宜,610,0.00023538582051252,71
愛,550,0.00021223311685555,71
共,525,0.00068724942021771,71
