text,size,freq,topic
左右,294,0.00011344824791915,18
如,833,0.0032232422274444,18
不,732,0.010101524605536,18
若,720,0.00063284056662383,18
可,636,0.0015925201332052,18
