text,size,freq,topic
別,2080,0.0018892606184087,129
離,1460,0.0012641376196705,129
路,1310,0.0020702375853274,129
行,1156,0.0029531273514465,129
去,1112,0.0025722653762893,129
