text,size,freq,topic
十,3033,0.0012182180907509,145
三,2257,0.0021254181957098,145
年,2017,0.0036376756229042,145
二,1718,0.0007617239503143,145
五,1353,0.00085279125136504,145
