text,size,freq,topic
平生,1222,0.0011209767353916,20
此地,837,0.0015875037140795,20
太平,324,0.00012502459974764,20
行,1115,0.0029531273514465,20
天,1010,0.0044310416015497,20
