text,size,freq,topic
來,1540,0.0045491203902002,73
往,1500,0.00057881759142424,73
有,1188,0.0045715013370686,73
時,1044,0.0040648430053753,73
無,900,0.0058171167938136,73
