text,size,freq,topic
今,2536,0.0020208451508592,30
日,1882,0.0054412712377821,30
年,1657,0.0036376756229042,30
昔,1008,0.00048775029037349,30
時,675,0.0040648430053753,30
