text,size,freq,topic
人,1103,0.007996557964723,13
家,1076,0.0022299912405604,13
門,765,0.0023002211083199,13
行,745,0.0029531273514465,13
路,739,0.0020702375853274,13
