text,size,freq,topic
不知,817,0.0032869121625011,10
人,1089,0.007996557964723,10
有,871,0.0045715013370686,10
無,820,0.0058171167938136,10
言,777,0.0011059274780146,10
