text,size,freq,topic
今朝,1284,0.0020208451508592,54
今日,1158,0.0020208451508592,54
至今,516,0.00030947447221483,54
古今,892,0.0013262640411501,54
如今,731,0.0020208451508592,54
