text,size,freq,topic
舟,1680,0.00080571408726254,47
流,1301,0.0017515020316497,47
水,1300,0.0042381024044083,47
江,926,0.002724687342031,47
波,570,0.00089755314510185,47
