text,size,freq,topic
重陽,397,0.0013841458002925,58
秋,1015,0.0031001470196682,58
日,687,0.0054412712377821,58
高,665,0.0024429961142046,58
黃,653,0.001196608900671,58
