text,size,freq,topic
龍,1596,0.0013810587731382,76
天,927,0.0044310416015497,76
化,680,0.00037353028566578,76
氣,608,0.0010630949762492,76
神,577,0.00091183064569032,76
