text,size,freq,topic
海,2138,0.0014914199939031,4
滄,994,0.00038356312391713,4
天,712,0.0044310416015497,4
波,618,0.00089755314510185,4
江,606,0.002724687342031,4
