text,size,freq,topic
歎息,335,0.00027320190315224,148
復,929,0.0008628240896164,148
已,646,0.0014254347884808,148
歲,588,0.00070654333993185,148
悲,573,0.00065637914867509,148
