text,size,freq,topic
車馬,1213,0.0006471180672123,106
驅馬,330,0.00012733987011333,106
