text,size,freq,topic
邊,1105,0.001066953760192,110
塞,1065,0.00052518049461893,110
胡,1045,0.00040324292202555,110
河,934,0.00088906382042763,110
關,893,0.0010565350435464,110
