text,size,freq,topic
深,2413,0.0016924626373245,95
心,2280,0.0032633735804499,95
沈,1465,0.00067104252765783,95
林,1170,0.0013366827577957,95
陰,1103,0.00083118206128521,95
