text,size,freq,topic
道,1069,0.001560878104874,59
世,696,0.00093228220058731,59
士,671,0.0003550081227402,59
隱,605,0.0003908948134085,59
何,525,0.0045468051198345,59
