text,size,freq,topic
旌旗,392,0.00033224129747751,17
冠蓋,311,0.00012926926208475,17
節,440,0.0003932100837742,17
三,408,0.0021254181957098,17
列,384,0.00014817730340461,17
