text,size,freq,topic
柳,2538,0.0010738995712891,84
春,1820,0.0041566820632146,84
楊,1124,0.0004337273151739,84
風,920,0.0059282497713671,84
花,873,0.0042558528105453,84
