text,size,freq,topic
不,2114,0.010101524605536,118
生,1545,0.0032791945946155,118
如,1072,0.0032232422274444,118
何,951,0.0045468051198345,118
一,798,0.0056878475317289,118
