text,size,freq,topic
江南,1344,0.0021840717116408,125
州,863,0.00064171576969234,125
城,698,0.0019830290682194,125
海,616,0.0014914199939031,125
山,520,0.0060050395718293,125
