text,size,freq,topic
飛,1459,0.0018448846030662,15
鳥,780,0.0010850900447233,15
燕,545,0.0003685138665401,15
羽,543,0.00041134636830549,15
巢,525,0.00020258615699848,15
