text,size,freq,topic
洛陽,1263,0.00048736441197921,138
夕陽,942,0.00046459758671652,138
嵩陽,286,0.00011036122076489,138
東,859,0.0019718385947852,138
水,854,0.0042381024044083,138
