text,size,freq,topic
門,1977,0.0023002211083199,83
昏,775,0.00029905575556919,83
言,722,0.0011059274780146,83
論,555,0.00029751224199206,83
尊,548,0.00029751224199206,83
