text,size,freq,topic
無,976,0.0058171167938136,57
天,871,0.0044310416015497,57
轉,860,0.00033185541908323,57
長,857,0.0030183408000803,57
日,780,0.0054412712377821,57
