text,size,freq,topic
鳳皇,396,0.00042215096334541,102
鸞鳳,473,0.00018252048049578,102
瑤池,380,0.00017596054779297,102
吹簫,317,0.00012232345098766,102
瑤臺,336,0.00017596054779297,102
