text,size,freq,topic
造化,262,0.0001011001393021,76
天,927,0.0044310416015497,76
氣,608,0.0010630949762492,76
神,577,0.00091183064569032,76
劍,445,0.00048003272248784,76
