text,size,freq,topic
冰雪,825,0.00031834967528333,45
積雪,299,0.00011537763989056,45
霜雪,873,0.0007841048971827,45
寒,1723,0.0023345642854111,45
風,571,0.0059282497713671,45
