text,size,freq,topic
卷簾,575,0.00036426920420299,88
珠簾,478,0.00038742190785996,88
香,561,0.0016940061509016,88
窗,554,0.00063862874253808,88
樓,550,0.0012722410659505,88
