text,size,freq,topic
歌,1264,0.0015091704000401,29
歡,1003,0.00046691285708222,29
樂,807,0.00069226583934339,29
酒,682,0.001884244199283,29
舞,602,0.00060351380865834,29
