text,size,freq,topic
唯有,917,0.00058885042967559,41
不知,1106,0.0032869121625011,41
何處,565,0.0022427252275718,41
無,1333,0.0058171167938136,41
人,946,0.007996557964723,41
