text,size,freq,topic
為,367,0.0034416493986085,12
所,362,0.00065676502706937,12
非,346,0.0011175038298431,12
言,285,0.0011059274780146,12
誠,242,0.00020528730575846,12
