text,size,freq,topic
生,1666,0.0032791945946155,50
情,1293,0.0013135300541387,50
名,1227,0.0012344249833108,50
行,1029,0.0029531273514465,50
聲,924,0.0022531439442174,50
