text,size,freq,topic
黃昏,273,0.00029905575556919,83
言,722,0.0011059274780146,83
論,555,0.00029751224199206,83
尊,548,0.00029751224199206,83
翻,510,0.00019679798108424,83
