text,size,freq,topic
蒼,2092,0.00080725760083967,11
天,1094,0.0044310416015497,11
茫,903,0.00034844819003739,11
長,705,0.0030183408000803,11
雲,688,0.0045120760643491,11
