text,size,freq,topic
莫,2244,0.0012984807967617,28
須,1160,0.00069458110970909,28
是,801,0.0023268467175254,28
君,703,0.0034921994682596,28
不,702,0.010101524605536,28
