text,size,freq,topic
花,1890,0.0042558528105453,98
春,1556,0.0041566820632146,98
香,721,0.0016940061509016,98
鶯,623,0.00032529548638042,98
紅,615,0.0014759848581318,98
