text,size,freq,topic
眼前,606,0.00035462224434592,25
白頭,687,0.0013254922843615,25
上,1130,0.0038259842793142,25
來,702,0.0045491203902002,25
向,650,0.0010785301120205,25
