text,size,freq,topic
題詩,573,0.00022110831992406,61
吟詩,1354,0.0010596220707006,61
詩句,773,0.00029828399878062,61
新詩,613,0.0012128157932309,61
章句,339,0.00022342359028976,61
