text,size,freq,topic
不,1031,0.010101524605536,75
一,908,0.0056878475317289,75
手,653,0.00053945799520739,75
人,597,0.007996557964723,75
尺,535,0.00032182258083188,75
