text,size,freq,topic
蘭,925,0.00042600974728824,36
芳,821,0.0010229636232438,36
光,730,0.0015006810753659,36
華,547,0.00076712624783426,36
香,368,0.0016940061509016,36
