text,size,freq,topic
將軍,1236,0.00051360414279044,139
旌旗,346,0.00033224129747751,139
弓箭,265,0.00010225777448495,139
馬,629,0.0018761407530031,139
劍,501,0.00048003272248784,139
