text,size,freq,topic
蕭,1856,0.00071619029978892,99
風,1365,0.0059282497713671,99
秋,1207,0.0031001470196682,99
落,1063,0.0022979058379542,99
雨,1050,0.0021914034011322,99
