text,size,freq,topic
公,1648,0.00096585362088991,104
為,767,0.0034416493986085,104
子,766,0.0020115840693964,104
將,665,0.0016812721638903,104
主,594,0.000229211766204,104
