text,size,freq,topic
處,2738,0.0022427252275718,120
何,2321,0.0045468051198345,120
問,1414,0.00066409671656074,120
幾,764,0.00099016395972973,120
去,712,0.0025722653762893,120
