text,size,freq,topic
萬,3916,0.0021065101543899,40
千,3875,0.0020000077175679,40
里,3514,0.0014798436420746,40
一,1412,0.0056878475317289,40
三,534,0.0021254181957098,40
