text,size,freq,topic
真,733,0.00064827570239515,94
神,681,0.00091183064569032,94
道,623,0.001560878104874,94
生,605,0.0032791945946155,94
玄,430,0.00027744656548935,94
