text,size,freq,topic
舊,1896,0.0011101721403517,87
新,1487,0.0018271341969292,87
故,956,0.00086128057603927,87
依,952,0.00074011476023446,87
年,749,0.0036376756229042,87
