text,size,freq,topic
兄弟,493,0.00019023804838143,90
少年,912,0.001090106463849,90
弟子,609,0.00023499994211824,90
家,1015,0.0022299912405604,90
為,544,0.0034416493986085,90
