text,size,freq,topic
天,733,0.0044310416015497,127
聖,642,0.00053174042732173,127
帝,518,0.00046189643795654,127
萬,471,0.0021065101543899,127
氣,423,0.0010630949762492,127
