text,size,freq,topic
巫峽,441,0.00017017237187873,143
巫山,441,0.00017017237187873,143
暮雨,733,0.00073432658432022,143
雲雨,1451,0.0021914034011322,143
江,778,0.002724687342031,143
