text,size,freq,topic
桑田,639,0.00024657629394673,33
野田,629,0.00057573056426998,33
耕,548,0.00021146136006699,33
村,403,0.00028709352534642,33
種,373,0.00023963048284963,33
