text,size,freq,topic
忘機,287,0.00025082095628384,14
無,1009,0.0058171167938136,14
心,900,0.0032633735804499,14
非,807,0.0011175038298431,14
是,741,0.0023268467175254,14
