text,size,freq,topic
年,1058,0.0036376756229042,90
家,1015,0.0022299912405604,90
子,1012,0.0020115840693964,90
少,912,0.001090106463849,90
弟,609,0.00023499994211824,90
