text,size,freq,topic
坐,567,0.0006830047578806,32
眠,566,0.00033224129747751,32
床,479,0.00018483575086147,32
臥,478,0.00041597690903689,32
茶,399,0.00015396547931885,32
