text,size,freq,topic
九陌,387,0.00014933493858745,6
長安,287,0.00063824286414379,6
朝,956,0.0022095396856635,6
日,879,0.0054412712377821,6
城,753,0.0019830290682194,6
