text,size,freq,topic
扁舟,244,9.4154328205009E-5,47
孤舟,523,0.00076018043673717,47
流水,1300,0.0017515020316497,47
