text,size,freq,topic
石,1390,0.001469424925429,44
山,749,0.0060050395718293,44
竹,689,0.0009909357165183,44
泉,654,0.00075747928797719,44
