text,size,freq,topic
酒,3638,0.001884244199283,133
醉,1728,0.0010013544331639,133
杯,790,0.00048157623606497,133
飲,685,0.00026432670008374,133
一,532,0.0056878475317289,133
