text,size,freq,topic
莫道,561,0.0012984807967617,28
莫言,283,0.0011059274780146,28
是,801,0.0023268467175254,28
君,703,0.0034921994682596,28
不,702,0.010101524605536,28
