text,size,freq,topic
未,900,0.0024487842901188,46
後,850,0.00086089469764498,46
先,802,0.00046189643795654,46
應,798,0.0015674380375768,46
更,674,0.00134247093371,46
