text,size,freq,topic
汀洲,328,0.00012656811332477,107
釣船,763,0.00032143670243759,107
釣魚,493,0.00032143670243759,107
江湖,297,0.00050858772366476,107
漁舟,408,0.00027590305191222,107
