text,size,freq,topic
相,1265,0.0035794079853675,78
一,923,0.0056878475317289,78
迢,681,0.0002627831865066,78
將,639,0.0016812721638903,78
時,619,0.0040648430053753,78
