text,size,freq,topic
十二,1718,0.0007617239503143,145
十年,2017,0.0012182180907509,145
三十,2257,0.0012182180907509,145
七十,653,0.00025197859146669,145
四十,976,0.00071734793497177,145
