text,size,freq,topic
旌,543,0.00034304589251743,17
節,440,0.0003932100837742,17
三,408,0.0021254181957098,17
旗,392,0.00033224129747751,17
列,384,0.00014817730340461,17
