text,size,freq,topic
多病,941,0.00063631347217238,123
病身,840,0.00063631347217238,123
老病,1049,0.00063631347217238,123
臥病,388,0.00041597690903689,123
閒,609,0.001604482363428,123
