text,size,freq,topic
蛾眉,312,0.00012039405901624,97
羅裙,225,8.6822638713636E-5,97
紅粉,369,0.00014238912749036,97
妝,449,0.00017325939903299,97
舞,448,0.00060351380865834,97
