text,size,freq,topic
不,949,0.010101524605536,24
無,921,0.0058171167938136,24
自,836,0.0029866987717491,24
非,689,0.0011175038298431,24
為,674,0.0034416493986085,24
