text,size,freq,topic
衣,1671,0.0014856318179889,89
人,696,0.007996557964723,89
歸,681,0.002977051811892,89
未,645,0.0024487842901188,89
日,599,0.0054412712377821,89
