text,size,freq,topic
何處,2230,0.0023059791274568,28
何時,719,0.0041834134613155,28
去,635,0.0024887135957227,28
幾,562,0.00084874131199638,28
到,436,0.0010504912959955,28
