text,size,freq,topic
已,483,0.0012972292074611,101
遊,478,0.00093083268479603,101
懷,421,0.0006724999466638,101
道,375,0.0012341533503947,101
複,364,0.00078752062719664,101
