text,size,freq,topic
金,544,0.0021139687978576,35
劍,510,0.00044709651626476,35
馬,355,0.0018681584725254,35
黃,346,0.0010681154325288,35
士,325,0.00027039135786551,35
