text,size,freq,topic
樓,1038,0.0012703292095946,130
愁,999,0.001401118854394,130
頭,988,0.0014419326442605,130
州,986,0.00062426546773067,130
流,856,0.0016928446933261,130
