text,size,freq,topic
來,1412,0.0041671807039822,13
往,1202,0.00055747926613095,13
人,769,0.0077652873151669,13
事,765,0.0017387602069259,13
時,758,0.0041834134613155,13
