text,size,freq,topic
故,1569,0.0011464964607951,105
舊,1136,0.0011047550847953,105
鄉,1008,0.0010203447466623,105
人,796,0.0077652873151669,105
依,705,0.0006632240853305,105
