text,size,freq,topic
杜陵,418,0.00019386550186584,65
武陵,387,0.00029450859733208,65
五陵,323,0.00064003443199727,65
秦,702,0.00062148270933068,65
漢,682,0.00088306199892957,65
