text,size,freq,topic
水,975,0.0041388893269157,146
魚,789,0.00066415167146383,146
波,533,0.00095726888959592,146
蓮,387,0.0002731741162655,146
岸,384,0.00051712926933113,146
