text,size,freq,topic
明月,1306,0.0020819670762578,139
昨夜,274,0.00030842238933202,139
月夜,1548,0.0028068756394547,139
風,709,0.0059597409066412,139
一,507,0.0051258409727781,139
