text,size,freq,topic
莫,1168,0.0013677257535942,125
須,844,0.0007105309781303,125
是,426,0.0020054412202581,125
卻,414,0.00036964307413176,125
得,408,0.0019423653631917,125
