text,size,freq,topic
今日,636,0.0022136843071906,123
未,759,0.0024005929130564,123
已,629,0.0012972292074611,123
盡,570,0.0015374740159934,123
從,552,0.001322274033061,123
