text,size,freq,topic
十,2641,0.0012248774890614,94
年,2122,0.0035521910975848,94
三,1871,0.0019562791551917,94
二,1240,0.00060849650346407,94
五,960,0.0010453895722622,94
