text,size,freq,topic
誰知,1153,0.0015782878058599,17
不知,1153,0.0028193980522546,17
誰能,353,0.0010504912959955,17
人,926,0.0077652873151669,17
為,753,0.0034543307605186,17
