text,size,freq,topic
仙,1648,0.0012786774847945,62
丹,815,0.00055701547306429,62
鶴,729,0.0007341844245302,62
雲,525,0.0048656530623792,62
洞,522,0.00042019651839821,62
