text,size,freq,topic
枕簟,287,0.00013310861013277,22
窗,643,0.00046935858346466,22
床,502,0.00023282411946567,22
夜,469,0.0028068756394547,22
月,379,0.0037302876351841,22
