text,size,freq,topic
門,1889,0.0021594205183908,48
出,864,0.0013074326549278,48
前,568,0.001883927436792,48
外,558,0.0010268378495956,48
來,551,0.0041671807039822,48
