text,size,freq,topic
江湖,378,0.00051434651093114,143
江南,322,0.0022238877546572,143
水,828,0.0041388893269157,143
亭,463,0.00051341892479781,143
客,451,0.002185392930124,143
