text,size,freq,topic
窮通,779,0.00045915513599804,119
中,1545,0.0038610772799835,119
同,931,0.0015625188415933,119
空,908,0.0024771187690561,119
風,900,0.0059597409066412,119
