text,size,freq,topic
蛾眉,292,0.00013542757546609,80
綺羅,331,0.00025554997973224,80
紅,625,0.0013051136895944,80
玉,517,0.0021209256938576,80
雙,444,0.00054495685333101,80
