text,size,freq,topic
生,1515,0.0031885773333197,30
不,1425,0.0098514285290246,30
如,998,0.0029325635605208,30
一,991,0.0051258409727781,30
此,860,0.0025842549674556,30
