text,size,freq,topic
酒,3015,0.0019803963946582,106
醉,1441,0.0010750723285287,106
杯,757,0.00055098616319765,106
飲,614,0.00028476894293212,106
一,400,0.0051258409727781,106
