text,size,freq,topic
依稀,725,0.00049347582293123,109
掩扉,310,0.00014377585066605,109
霏微,268,0.00012429654186614,109
歸,2352,0.0029283894229208,109
沾衣,149,6.9105166933038E-5,109
