text,size,freq,topic
有,793,0.0045841306709138,68
知,676,0.0028193980522546,68
古,670,0.0011928757674616,68
無,648,0.0057640202325087,68
在,571,0.0023208205055901,68
