text,size,freq,topic
恩,533,0.00075644649173011,104
重,430,0.001493877467727,104
旌,397,0.00034830859306518,104
朝,389,0.001875579161592,104
榮,350,0.00032233618133196,104
