text,size,freq,topic
江,881,0.002979406660254,86
水,794,0.0041388893269157,86
楚,710,0.00078195511039666,86
南,696,0.0022238877546572,86
山,676,0.0060747615871741,86
