text,size,freq,topic
月,1389,0.0037302876351841,47
光,1048,0.0015351550506601,47
明,812,0.0020819670762578,47
清,725,0.0025439049706558,47
鏡,698,0.00032372756053195,47
