text,size,freq,topic
白頭,398,0.0014419326442605,130
樓,1038,0.0012703292095946,130
愁,999,0.001401118854394,130
流,856,0.0016928446933261,130
上,787,0.0036287169535845,130
