text,size,freq,topic
夜,1587,0.0028068756394547,16
月,902,0.0037302876351841,16
燈,719,0.00044941548159808,16
明,623,0.0020819670762578,16
聲,603,0.0021399412095909,16
