text,size,freq,topic
金,1809,0.0021139687978576,27
玉,1247,0.0021209256938576,27
黃,515,0.0010681154325288,27
紫,478,0.00058345167786418,27
銀,452,0.00020963446613244,27
