text,size,freq,topic
枝,1283,0.0010504912959955,63
葉,1158,0.0011279447381285,63
樹,1108,0.0017948791679923,63
桂,686,0.0004150947946649,63
花,582,0.0042497358698485,63
