text,size,freq,topic
洛陽,1143,0.00053011547519774,67
夕陽,681,0.00047167754879799,67
襄陽,192,8.904826879962E-5,67
嵩陽,257,0.00011919481813282,67
東,645,0.0019094360554585,67
