text,size,freq,topic
雨,1007,0.001955815362125,121
水,770,0.0041388893269157,121
野,690,0.00090949820372945,121
樹,557,0.0017948791679923,121
花,533,0.0042497358698485,121
