text,size,freq,topic
淒涼,367,0.0003047120447987,127
風吹,456,0.00055144995626431,127
明月,737,0.0020819670762578,127
秋風,1202,0.0031579669909199,127
夜,1323,0.0028068756394547,127
