text,size,freq,topic
處,2615,0.0023059791274568,28
何,2230,0.0041959358741154,28
時,719,0.0041834134613155,28
去,635,0.0024887135957227,28
幾,562,0.00084874131199638,28
