text,size,freq,topic
石,1689,0.0015527791871934,56
泉,938,0.00084549476052973,56
山,906,0.0060747615871741,56
松,706,0.0012313705919947,56
苔,581,0.00041138445013158,56
