text,size,freq,topic
歌,1828,0.0013440723071943,140
舞,747,0.00051666547626446,140
樂,732,0.00069568959999703,140
曲,637,0.0006488465002639,140
醉,599,0.0010750723285287,140
