text,size,freq,topic
處,847,0.0023059791274568,29
應,829,0.001646001593593,29
行,792,0.0027804394346548,29
到,616,0.0010504912959955,29
過,587,0.00071656028799694,29
