text,size,freq,topic
早晚,491,0.00035804824746514,128
梅花,579,0.00026853618559885,128
早梅,579,0.00026853618559885,128
春,1250,0.0042520548351819,128
雪,703,0.0014999067775936,128
