text,size,freq,topic
食,465,0.00042390686293152,138
足,319,0.00022818618879903,138
官,242,0.0007341844245302,138
錢,241,0.00011177412906619,138
味,238,0.0001103827498662,138
