text,size,freq,topic
富貴,381,0.00017670515839925,64
貧賤,281,0.00013032585173278,64
貴賤,281,0.00013032585173278,64
人,967,0.0077652873151669,64
不,795,0.0098514285290246,64
