text,size,freq,topic
都,503,0.00023328791253234,77
須,380,0.0007105309781303,77
殊,348,0.00016139998719931,77
大,343,0.00047631547946463,77
夫,343,0.00040164479573162,77
