text,size,freq,topic
古,856,0.0011928757674616,40
悲,673,0.00079169476479662,40
空,498,0.0024771187690561,40
荒,467,0.0003742810047984,40
生,424,0.0031885773333197,40
