text,size,freq,topic
人,1791,0.0077652873151669,45
不,1319,0.0098514285290246,45
身,850,0.0014442516095938,45
世,845,0.00090949820372945,45
事,745,0.0017387602069259,45
