text,size,freq,topic
無,716,0.0057640202325087,43
事,708,0.0017387602069259,43
閑,702,0.0012981567935945,43
是,546,0.0020054412202581,43
多,475,0.0021594205183908,43
