text,size,freq,topic
一,1405,0.0051258409727781,24
中,630,0.0038610772799835,24
時,578,0.0041834134613155,24
半,555,0.00076664993919673,24
下,532,0.0023954911893231,24
