text,size,freq,topic
參差,526,0.00024395515306563,74
風,682,0.0059597409066412,74
影,588,0.00055655167999763,74
搖,486,0.00022540343039904,74
