text,size,freq,topic
斷,1431,0.00066368787839717,31
愁,966,0.001401118854394,31
夢,866,0.00099437233492909,31
淚,749,0.00057881374719753,31
腸,601,0.00027873963306548,31
