text,size,freq,topic
人,1006,0.0077652873151669,23
塵,970,0.0011984412842616,23
春,774,0.0042520548351819,23
新,643,0.0018125033045256,23
勤,585,0.00027131894399884,23
