text,size,freq,topic
名利,293,0.00013589136853275,137
姓名,264,0.00012244136959948,137
平生,657,0.00054171030186436,137
情,994,0.0012963016213278,137
無,500,0.0057640202325087,137
