text,size,freq,topic
落,930,0.0019785412223916,57
聲,760,0.0021399412095909,57
色,721,0.0015189222933269,57
秋,633,0.0031579669909199,57
空,618,0.0024771187690561,57
