text,size,freq,topic
石,1689,0.0015527791871934,56
泉,938,0.00084549476052973,56
山,906,0.0060747615871741,56
雲,413,0.0048656530623792,56
水,370,0.0041388893269157,56
