text,size,freq,topic
轉,658,0.00040303617493161,50
欲,508,0.0011228430143952,50
亂,489,0.00022679480959903,50
輕,431,0.0006711085674638,50
漸,412,0.00019108274346585,50
