text,size,freq,topic
官,1093,0.0007341844245302,115
吏,731,0.00033903273173189,115
郡,465,0.00021566377599908,115
府,431,0.00029450859733208,115
公,387,0.001085739569062,115
