text,size,freq,topic
使君,482,0.0003835568661317,32
為君,1084,0.0034543307605186,32
與君,506,0.0017373688277259,32
使我,482,0.0003835568661317,32
為我,1084,0.0021139687978576,32
