text,size,freq,topic
頭,1357,0.0014419326442605,10
白,1296,0.0029279256298542,10
上,690,0.0036287169535845,10
眼,510,0.00045127065386474,10
前,499,0.001883927436792,10
