text,size,freq,topic
同心,766,0.0015625188415933,85
相,1249,0.0033875445589189,85
與,781,0.0017373688277259,85
中,555,0.0038610772799835,85
君,533,0.0035554376490515,85
