text,size,freq,topic
江,1236,0.002979406660254,5
舟,1126,0.00089326544639619,5
浪,623,0.00041741375999822,5
漁,592,0.0002745654954655,5
洲,542,0.00025137584213226,5
