text,size,freq,topic
難,1120,0.001164584390395,113
無,890,0.0057640202325087,113
自,767,0.0028082670186547,113
不,753,0.0098514285290246,113
心,669,0.0031394152682533,113
