text,size,freq,topic
將軍,952,0.00053799995733104,9
旌旗,354,0.00024812929066561,9
兵戈,295,0.00013681895466608,9
馬,590,0.0018681584725254,9
戰,508,0.00039236893439833,9
