text,size,freq,topic
腸斷,601,0.00027873963306548,31
夢魂,467,0.00033810514559856,31
別離,552,0.0012554878314613,31
愁,966,0.001401118854394,31
淚,749,0.00057881374719753,31
