text,size,freq,topic
十年,2122,0.0012248774890614,94
十二,1240,0.00060849650346407,94
三十,1871,0.0012248774890614,94
七十,486,0.00022540343039904,94
四十,774,0.00050738961493117,94
