text,size,freq,topic
不,1467,0.0098514285290246,59
一,1009,0.0051258409727781,59
人,917,0.0077652873151669,59
有,913,0.0045841306709138,59
中,697,0.0038610772799835,59
