text,size,freq,topic
旌旆,195,9.0439647999614E-5,104
恩,533,0.00075644649173011,104
重,430,0.001493877467727,104
朝,389,0.001875579161592,104
榮,350,0.00032233618133196,104
