text,size,freq,topic
家,704,0.0020940256959911,99
雞,504,0.00035758445439847,99
客,500,0.002185392930124,99
人,395,0.0077652873151669,99
舍,364,0.00016882067626595,99
