text,size,freq,topic
德,621,0.00037984652159838,4
神,426,0.00089419303252952,4
禮,418,0.00019386550186584,4
皇,272,0.00041231203626491,4
樂,271,0.00069568959999703,4
