text,size,freq,topic
時,1677,0.0041834134613155,88
遲,1452,0.00067342753279713,88
期,1233,0.00082694303786314,88
知,542,0.0028193980522546,88
日,511,0.005303009924244,88
