text,size,freq,topic
蕭條,481,0.00044802410239809,19
蕭索,221,0.0001024982677329,19
蕭颯,286,0.0001326448170661,19
風吹,249,0.00055144995626431,19
秋風,985,0.0031579669909199,19
