text,size,freq,topic
淹留,201,9.3222406399602E-5,84
流,955,0.0016928446933261,84
遊,758,0.00093083268479603,84
秋,593,0.0031579669909199,84
水,498,0.0041388893269157,84
