text,size,freq,topic
往來,1202,0.00055747926613095,13
往事,765,0.00055747926613095,13
人,769,0.0077652873151669,13
時,758,0.0041834134613155,13
無,752,0.0057640202325087,13
