text,size,freq,topic
西,801,0.0019428291562584,118
溪,732,0.00086914820692962,118
迷,659,0.00030563963093203,118
啼,625,0.00028987066666543,118
低,596,0.00027642066773215,118
