text,size,freq,topic
次第,300,0.00013913791999941,24
第一,484,0.00022447584426571,24
中,630,0.0038610772799835,24
時,578,0.0041834134613155,24
半,555,0.00076664993919673,24
