text,size,freq,topic
蕭,1567,0.00072676373546357,19
風,1554,0.0059597409066412,19
秋,985,0.0031579669909199,19
雨,879,0.001955815362125,19
落,649,0.0019785412223916,19
