text,size,freq,topic
羅,649,0.00037474479786507,80
紅,625,0.0013051136895944,80
玉,517,0.0021209256938576,80
眉,476,0.00022076549973239,80
雙,444,0.00054495685333101,80
