text,size,freq,topic
邊,890,0.00068409477333041,107
塞,860,0.00039886203733163,107
胡,737,0.00034181549013187,107
城,725,0.0018458964053255,107
關,683,0.00098834302506245,107
