text,size,freq,topic
朝,1197,0.001875579161592,54
日,1074,0.005303009924244,54
暮,807,0.00080468097066323,54
山,766,0.0060747615871741,54
上,655,0.0036287169535845,54
