text,size,freq,topic
楊柳,962,0.00044616893013143,79
垂楊,701,0.00032511893973195,79
柳條,485,0.00044802410239809,79
柳絮,190,8.8120682666291E-5,79
綠楊,377,0.00044616893013143,79
