text,size,freq,topic
寂寞,520,0.00024117239466564,145
寂寥,703,0.00032604652586528,145
逍遙,179,8.3018958932979E-5,145
寥落,598,0.00032604652586528,145
空,821,0.0024771187690561,145
