text,size,freq,topic
杯酒,757,0.00055098616319765,106
酒醒,355,0.00016464653866596,106
飲酒,614,0.00028476894293212,106
尊酒,259,0.00031677066453198,106
醉,1441,0.0010750723285287,106
