text,size,freq,topic
故鄉,1008,0.0010203447466623,105
故園,296,0.0005635085759976,105
故人,796,0.0011464964607951,105
故國,456,0.0010824930175954,105
依舊,705,0.0006632240853305,105
