text,size,freq,topic
高,1319,0.0023978101546564,3
樓,1011,0.0012703292095946,3
望,983,0.0015291257407935,3
登,963,0.00069661718613036,3
上,704,0.0036287169535845,3
