text,size,freq,topic
寒,1305,0.0022813980949236,53
難,1099,0.001164584390395,53
看,826,0.0013570585130609,53
長,624,0.0031384876821199,53
幹,564,0.00026157928959888,53
