text,size,freq,topic
之,1517,0.0010453895722622,18
兮,1225,0.00056814650666424,18
不,975,0.0098514285290246,18
有,750,0.0045841306709138,18
我,504,0.0021139687978576,18
