text,size,freq,topic
平生,511,0.00054171030186436,30
如此,860,0.0025842549674556,30
不,1425,0.0098514285290246,30
一,991,0.0051258409727781,30
日,757,0.005303009924244,30
