text,size,freq,topic
塵,921,0.0011984412842616,38
心,876,0.0031394152682533,38
世,438,0.00090949820372945,38
虛,420,0.0005240861653311,38
真,418,0.00049579478826455,38
