text,size,freq,topic
題詩,334,0.00015490688426601,142
吟詩,1231,0.0009758206122625,142
詩句,486,0.00022540343039904,142
新詩,597,0.0012550240383946,142
吟詠,410,0.00019015515733252,142
