text,size,freq,topic
多病,755,0.000702646495997,112
老病,1003,0.000702646495997,112
身,603,0.0014442516095938,112
年,451,0.0035521910975848,112
貧,428,0.00042390686293152,112
