text,size,freq,topic
日暮,807,0.00080468097066323,54
山,766,0.0060747615871741,54
上,655,0.0036287169535845,54
行,645,0.0027804394346548,54
路,604,0.0018041550293256,54
