text,size,freq,topic
重,1176,0.001493877467727,0
雲,824,0.0048656530623792,0
峰,713,0.00061823615786403,0
山,609,0.0060747615871741,0
容,513,0.00023792584319898,0
