text,size,freq,topic
子,1399,0.0019785412223916,61
公,1133,0.001085739569062,61
弟,529,0.00024534653226562,61
生,500,0.0031885773333197,61
為,428,0.0034543307605186,61
