text,size,freq,topic
不,1690,0.0098514285290246,2
有,768,0.0045841306709138,2
何,674,0.0041959358741154,2
無,571,0.0057640202325087,2
能,548,0.0010504912959955,2
