text,size,freq,topic
共,929,0.00060849650346407,126
相,904,0.0033875445589189,126
同,862,0.0015625188415933,126
更,497,0.0013575223061275,126
看,492,0.0013570585130609,126
