text,size,freq,topic
遠,760,0.0018681584725254,83
山,742,0.0060747615871741,83
雲,657,0.0048656530623792,83
煙,613,0.0019400463978584,83
外,410,0.0010268378495956,83
