text,size,freq,topic
竹,1002,0.0010398240554622,135
池,790,0.00072258959786358,135
林,533,0.0013245929983943,135
樹,432,0.0017948791679923,135
幽,361,0.00078195511039666,135
