text,size,freq,topic
不,861,0.0098514285290246,21
堪,727,0.00062241029546401,21
憐,680,0.00057463960959755,21
可,654,0.0016251309055931,21
無,617,0.0057640202325087,21
