text,size,freq,topic
造化,345,0.00016000860799932,95
變化,232,0.00010759999146621,95
天,893,0.0044051065471812,95
神,574,0.00089419303252952,95
靈,451,0.00061962753706402,95
