text,size,freq,topic
黃昏,224,0.00027827583999881,87
門,1319,0.0021594205183908,87
言,697,0.0010495637098622,87
恩,538,0.00075644649173011,87
翻,437,0.00020267757013247,87
