text,size,freq,topic
為,799,0.0034543307605186,44
無,681,0.0057640202325087,44
有,635,0.0045841306709138,44
生,547,0.0031885773333197,44
不,461,0.0098514285290246,44
