text,size,freq,topic
春,1702,0.0042520548351819,110
花,1443,0.0042497358698485,110
芳,1229,0.00099390854186243,110
草,864,0.0016037964245265,110
香,607,0.0015717947029266,110
