text,size,freq,topic
相,2431,0.0033875445589189,71
別,899,0.0019511774314583,71
思,837,0.0014256998869273,71
逢,818,0.00061916374399736,71
見,557,0.0025439049706558,71
