text,size,freq,topic
主人,588,0.00036222238506512,111
天,1111,0.0044051065471812,111
地,713,0.0012707930026612,111
長,576,0.0031384876821199,111
無,573,0.0057640202325087,111
