text,size,freq,topic
文章,507,0.000235143084799,36
文字,590,0.00027363790933217,36
翰墨,198,9.1831027199608E-5,36
名,607,0.001254560245328,36
詩,494,0.0012550240383946,36
