text,size,freq,topic
江,1793,0.002979406660254,143
水,828,0.0041388893269157,143
亭,463,0.00051341892479781,143
客,451,0.002185392930124,143
渡,410,0.00019015515733252,143
