text,size,freq,topic
白頭,1296,0.0014419326442605,10
上,690,0.0036287169535845,10
眼,510,0.00045127065386474,10
前,499,0.001883927436792,10
人,468,0.0077652873151669,10
