text,size,freq,topic
名,1694,0.001254560245328,137
生,1423,0.0031885773333197,137
情,994,0.0012963016213278,137
平,657,0.00054171030186436,137
無,500,0.0057640202325087,137
