text,size,freq,topic
家,1928,0.0020940256959911,96
花,1537,0.0042497358698485,96
春,883,0.0042520548351819,96
斜,881,0.00040860169173159,96
華,711,0.0010087499199957,96
