text,size,freq,topic
攜手,557,0.00036686031573177,60
相,807,0.0033875445589189,60
一,761,0.0051258409727781,60
時,544,0.0041834134613155,60
與,401,0.0017373688277259,60
