text,size,freq,topic
年,2081,0.0035521910975848,52
今,1834,0.0022136843071906,52
日,1353,0.005303009924244,52
歲,587,0.00064931029333056,52
朝,555,0.001875579161592,52
