text,size,freq,topic
天地,402,0.0012707930026612,1
龍,674,0.0012749671402612,1
五,599,0.0010453895722622,1
三,576,0.0019562791551917,1
海,567,0.0013654067882608,1
