text,size,freq,topic
萬里,2511,0.001164584390395,98
千里,2511,0.001164584390395,98
千萬,3073,0.001886710195192,98
百里,662,0.00093361544319602,98
千載,114,0.00013032585173278,98
