text,size,freq,topic
蛟龍,237,0.00010991895679953,133
天,462,0.0044051065471812,133
石,341,0.0015527791871934,133
神,336,0.00089419303252952,133
