text,size,freq,topic
借問,551,0.00025554997973224,108
不,1215,0.0098514285290246,108
人,913,0.0077652873151669,108
知,677,0.0028193980522546,108
何,676,0.0041959358741154,108
