text,size,freq,topic
窗,643,0.00046935858346466,22
枕,639,0.00029636376959874,22
簾,629,0.00029172583893209,22
床,502,0.00023282411946567,22
夜,469,0.0028068756394547,22
