text,size,freq,topic
明月,812,0.0020819670762578,47
光,1048,0.0015351550506601,47
清,725,0.0025439049706558,47
鏡,698,0.00032372756053195,47
照,690,0.00048234478933128,47
