text,size,freq,topic
男兒,236,0.00010945516373287,7
兒女,750,0.00040628272639827,7
不,693,0.0098514285290246,7
家,657,0.0020940256959911,7
夫,523,0.00040164479573162,7
