text,size,freq,topic
南,1514,0.0022238877546572,82
北,1495,0.0011381481855951,82
東,1280,0.0019094360554585,82
西,1098,0.0019428291562584,82
風,638,0.0059597409066412,82
