text,size,freq,topic
煙霞,362,0.0005319706474644,83
遠,760,0.0018681584725254,83
山,742,0.0060747615871741,83
雲,657,0.0048656530623792,83
外,410,0.0010268378495956,83
