text,size,freq,topic
蟬鳴,371,0.00032001721599863,49
秋,1825,0.0031579669909199,49
葉,841,0.0011279447381285,49
寒,751,0.0022813980949236,49
露,676,0.0007958689023966,49
