text,size,freq,topic
青冥,633,0.00029358101119875,76
杳冥,288,0.00013357240319943,76
庭,499,0.00060524995199742,76
星,490,0.00063122236373064,76
