text,size,freq,topic
鳳凰,273,0.00012661550719946,33
鸞鳳,380,0.00017624136533258,33
吹簫,292,0.00013589136853275,33
玉,1463,0.0021209256938576,33
金,786,0.0021139687978576,33
