text,size,freq,topic
馬,2645,0.0018681584725254,26
車,827,0.0006409620181306,26
行,776,0.0027804394346548,26
騎,543,0.00039236893439833,26
出,482,0.0013074326549278,26
