text,size,freq,topic
時,1677,0.0041834134613155,88
期,1233,0.00082694303786314,88
知,542,0.0028193980522546,88
日,511,0.005303009924244,88
悲,413,0.00079169476479662,88
