text,size,freq,topic
百尺,534,0.00024766549759894,59
不,1467,0.0098514285290246,59
一,1009,0.0051258409727781,59
人,917,0.0077652873151669,59
有,913,0.0045841306709138,59
