text,size,freq,topic
雞犬,293,0.00013589136853275,99
家,704,0.0020940256959911,99
客,500,0.002185392930124,99
人,395,0.0077652873151669,99
舍,364,0.00016882067626595,99
