text,size,freq,topic
兒,876,0.00040628272639827,7
女,750,0.00071516890879695,7
不,693,0.0098514285290246,7
家,657,0.0020940256959911,7
子,523,0.0019785412223916,7
