text,size,freq,topic
歸,2352,0.0029283894229208,109
衣,1827,0.0013023309311944,109
飛,1459,0.0019706567402583,109
微,1106,0.00067574649813045,109
稀,1064,0.00049347582293123,109
