text,size,freq,topic
雲,1726,0.0048656530623792,120
聞,1270,0.0010444619861289,120
君,1146,0.0035554376490515,120
分,918,0.0010542016405288,120
紛,907,0.00042066031146487,120
