text,size,freq,topic
春,1250,0.0042520548351819,128
早,772,0.00035804824746514,128
花,749,0.0042497358698485,128
雪,703,0.0014999067775936,128
梅,579,0.00026853618559885,128
