text,size,freq,topic
宮,1254,0.00098695164586246,6
王,1236,0.0010356499178622,6
中,476,0.0038610772799835,6
入,466,0.0011678309418617,6
苑,399,0.00018505343359921,6
