text,size,freq,topic
讀書,240,0.00011131033599953,144
卷舒,165,7.6525855999673E-5,144
居,1105,0.00062797581226399,144
餘,1052,0.00064328098346392,144
疏,846,0.00062241029546401,144
