text,size,freq,topic
羽翼,322,0.00014934136746603,148
燕雀,249,0.00011548447359951,148
飛,1216,0.0019706567402583,148
鳥,754,0.0011441774954618,148
鳴,439,0.00059133615999748,148
