text,size,freq,topic
雪,1734,0.0014999067775936,34
寒,1458,0.0022813980949236,34
霜,721,0.00099993785172907,34
冰,670,0.00031074135466534,34
火,501,0.00044292237866478,34
