text,size,freq,topic
月,1913,0.0037302876351841,139
夜,1548,0.0028068756394547,139
明,1306,0.0020819670762578,139
風,709,0.0059597409066412,139
一,507,0.0051258409727781,139
