text,size,freq,topic
青,914,0.0021626670698574,76
冥,633,0.00029358101119875,76
庭,499,0.00060524995199742,76
星,490,0.00063122236373064,76
雲,423,0.0048656530623792,76
