text,size,freq,topic
冰雪,670,0.00031074135466534,34
寒,1458,0.0022813980949236,34
霜,721,0.00099993785172907,34
火,501,0.00044292237866478,34
氣,404,0.0009600516479959,34
