text,size,freq,topic
不,928,0.0098514285290246,72
是,727,0.0020054412202581,72
應,722,0.001646001593593,72
似,638,0.0011900930090616,72
只,526,0.00043132755199816,72
