text,size,freq,topic
君王,348,0.0010356499178622,6
梁王,389,0.00018041550293256,6
吳王,344,0.00044756030933142,6
宮,1254,0.00098695164586246,6
中,476,0.0038610772799835,6
