text,size,freq,topic
其,1183,0.0006947620138637,124
以,872,0.00058484305706417,124
之,737,0.0010453895722622,124
我,732,0.0021139687978576,124
為,629,0.0034543307605186,124
