text,size,freq,topic
山,857,0.0060747615871741,12
江,854,0.002979406660254,12
雨,703,0.001955815362125,12
猿,644,0.00041741375999822,12
峽,496,0.00023004136106569,12
