text,size,freq,topic
懷,333,0.0006724999466638,69
賢,326,0.00041463100159823,69
良,324,0.00015026895359936,69
顧,268,0.00012429654186614,69
慚,265,0.00012290516266614,69
