text,size,freq,topic
水,1074,0.0041388893269157,66
雲,690,0.0048656530623792,66
流,671,0.0016928446933261,66
風,566,0.0059597409066412,66
上,498,0.0036287169535845,66
