text,size,freq,topic
無,725,0.0057640202325087,131
人,685,0.0077652873151669,131
上,673,0.0036287169535845,131
月,652,0.0037302876351841,131
中,570,0.0038610772799835,131
