text,size,freq,topic
路,1136,0.0018041550293256,89
行,1001,0.0027804394346548,89
歸,777,0.0029283894229208,89
遠,751,0.0018681584725254,89
鄉,749,0.0010203447466623,89
