text,size,freq,topic
滄洲,518,0.00025137584213226,5
滄浪,518,0.00037520859093173,5
孤舟,437,0.00077128786986338,5
江湖,421,0.00051434651093114,5
漁舟,592,0.0002745654954655,5
