text,size,freq,topic
高,382,0.0023978101546564,20
方,375,0.00083714648532976,20
清,349,0.0025439049706558,20
登,327,0.00069661718613036,20
然,280,0.0010291568149289,20
