text,size,freq,topic
闌幹,432,0.00020035860479915,53
長安,416,0.00083436372692977,53
寒,1305,0.0022813980949236,53
難,1099,0.001164584390395,53
看,826,0.0013570585130609,53
