text,size,freq,topic
僧,870,0.00064003443199727,132
禪,751,0.00034830859306518,132
寺,731,0.00047028616959799,132
師,503,0.00033996031786522,132
經,380,0.00086404648319631,132
