text,size,freq,topic
是,1306,0.0020054412202581,17
誰,1256,0.0015782878058599,17
不,1219,0.0098514285290246,17
知,1153,0.0028193980522546,17
人,926,0.0077652873151669,17
