text,size,freq,topic
氛氳,170,7.8844821332997E-5,120
雲,1726,0.0048656530623792,120
聞,1270,0.0010444619861289,120
君,1146,0.0035554376490515,120
分,918,0.0010542016405288,120
