text,size,freq,topic
王,658,0.0010356499178622,70
國,629,0.0010824930175954,70
臣,451,0.00044245858559811,70
聖,384,0.00047956203093129,70
大,340,0.00047631547946463,70
