text,size,freq,topic
回,2189,0.0014173516117273,11
來,1934,0.0041671807039822,11
開,1664,0.0016529584895929,11
台,990,0.00075273614719679,11
才,566,0.00069337063466371,11
