text,size,freq,topic
南,1098,0.0022238877546572,25
海,698,0.0013654067882608,25
北,593,0.0011381481855951,25
行,406,0.0027804394346548,25
嶺,401,0.00018598101973254,25
