text,size,freq,topic
笙歌,270,0.00012522412799947,140
歌舞,747,0.00051666547626446,140
管弦,370,0.00034598962773186,140
歡樂,592,0.0003821654869317,140
曲,637,0.0006488465002639,140
