text,size,freq,topic
此,961,0.0025842549674556,129
為,753,0.0034543307605186,129
無,716,0.0057640202325087,129
何,680,0.0041959358741154,129
亦,536,0.00085755338026301,129
