text,size,freq,topic
歎息,278,0.00012893447253278,97
悲,621,0.00079169476479662,97
何,585,0.0041959358741154,97
已,467,0.0012972292074611,97
感,437,0.00030842238933202,97
