text,size,freq,topic
寂,1558,0.00072258959786358,145
遙,926,0.00081210165972987,145
空,821,0.0024771187690561,145
寥,703,0.00032604652586528,145
落,598,0.0019785412223916,145
