text,size,freq,topic
多,2061,0.0021594205183908,46
過,958,0.00071656028799694,46
何,916,0.0041959358741154,46
歌,647,0.0013440723071943,46
波,618,0.00095726888959592,46
