text,size,freq,topic
兄弟,410,0.00019015515733252,61
弟子,529,0.00024534653226562,61
公卿,232,0.00010759999146621,61
公子,1133,0.001085739569062,61
諸侯,197,0.00014516722986605,61
