text,size,freq,topic
今日,1353,0.0022136843071906,52
今朝,555,0.001875579161592,52
昨日,391,0.00030842238933202,52
今年,1834,0.0022136843071906,52
昔年,547,0.00037103445333175,52
