text,size,freq,topic
病,1515,0.000702646495997,112
老,1003,0.0010426068138622,112
多,755,0.0021594205183908,112
身,603,0.0014442516095938,112
年,451,0.0035521910975848,112
