text,size,freq,topic
未,736,0.0024005929130564,73
猶,699,0.00090114992852949,73
是,612,0.0020054412202581,73
勝,469,0.00021751894826574,73
更,393,0.0013575223061275,73
