text,size,freq,topic
心,876,0.0031394152682533,38
世,438,0.00090949820372945,38
虛,420,0.0005240861653311,38
真,418,0.00049579478826455,38
清,388,0.0025439049706558,38
