text,size,freq,topic
不,1112,0.0098514285290246,149
如,998,0.0029325635605208,149
若,710,0.0006409620181306,149
何,600,0.0041959358741154,149
可,576,0.0016251309055931,149
