text,size,freq,topic
舊,1031,0.0011047550847953,103
新,696,0.0018125033045256,103
前,581,0.001883927436792,103
更,567,0.0013575223061275,103
重,546,0.001493877467727,103
