text,size,freq,topic
白,2420,0.0029279256298542,134
青,2296,0.0021626670698574,134
山,1101,0.0060747615871741,134
雲,873,0.0048656530623792,134
草,695,0.0016037964245265,134
