text,size,freq,topic
門外,558,0.0010268378495956,48
出門,864,0.0013074326549278,48
閉門,421,0.00019525688106583,48
門前,568,0.001883927436792,48
來,551,0.0041671807039822,48
