text,size,freq,topic
千,3085,0.0020768653525245,98
萬,3073,0.001886710195192,98
里,2511,0.001164584390395,98
一,1201,0.0051258409727781,98
三,730,0.0019562791551917,98
