text,size,freq,topic
所,627,0.00091877406506275,117
自,432,0.0028082670186547,117
非,430,0.0011256257727952,117
心,377,0.0031394152682533,117
無,339,0.0057640202325087,117
