text,size,freq,topic
飛,1216,0.0019706567402583,148
鳥,754,0.0011441774954618,148
羽,507,0.00034135169706521,148
鳴,439,0.00059133615999748,148
巢,426,0.00019757584639916,148
