text,size,freq,topic
我,1278,0.0021139687978576,37
不,1103,0.0098514285290246,37
苦,622,0.00043364651733148,37
無,572,0.0057640202325087,37
亦,510,0.00085755338026301,37
