text,size,freq,topic
我,1278,0.0021139687978576,37
不,1103,0.0098514285290246,37
無,572,0.0057640202325087,37
亦,510,0.00085755338026301,37
為,499,0.0034543307605186,37
