text,size,freq,topic
相,1249,0.0033875445589189,85
同,1172,0.0015625188415933,85
與,781,0.0017373688277259,85
心,766,0.0031394152682533,85
中,555,0.0038610772799835,85
