text,size,freq,topic
人,685,0.0077652873151669,131
上,673,0.0036287169535845,131
月,652,0.0037302876351841,131
中,570,0.0038610772799835,131
滿,427,0.00095680509652925,131
