text,size,freq,topic
神仙,381,0.00089419303252952,62
紫芝,304,0.00014099309226607,62
煙霞,229,0.0005319706474644,62
鶴,729,0.0007341844245302,62
雲,525,0.0048656530623792,62
