text,size,freq,topic
高,851,0.0023978101546564,93
勞,493,0.00022864998186569,93
刀,406,0.00018829998506586,93
毛,315,0.00026111549653222,93
成,255,0.0012610533482613,93
