text,size,freq,topic
清,787,0.0025439049706558,42
景,593,0.00048188099626461,42
幽,507,0.00078195511039666,42
林,480,0.0013245929983943,42
賞,432,0.00020035860479915,42
