text,size,freq,topic
書,1697,0.0015263429823935,144
居,1105,0.00062797581226399,144
餘,1052,0.00064328098346392,144
疏,846,0.00062241029546401,144
魚,643,0.00066415167146383,144
