text,size,freq,topic
田,1186,0.00067852925653044,90
野,668,0.00090949820372945,90
耕,516,0.00023931722239898,90
雨,414,0.001955815362125,90
種,353,0.00016371895253263,90
