text,size,freq,topic
悠,1514,0.00070218270293034,84
流,955,0.0016928446933261,84
遊,758,0.00093083268479603,84
留,601,0.00066554305066383,84
秋,593,0.0031579669909199,84
