text,size,freq,topic
旅館,278,0.00012893447253278,89
故鄉,307,0.0010203447466623,89
行,1001,0.0027804394346548,89
歸,777,0.0029283894229208,89
遠,751,0.0018681584725254,89
