text,size,freq,topic
相逢,818,0.00061916374399736,71
相思,837,0.0014256998869273,71
相憶,490,0.00076479476693007,71
相見,557,0.0025439049706558,71
別離,356,0.0012554878314613,71
