text,size,freq,topic
光,784,0.0015351550506601,147
玉,661,0.0021209256938576,147
金,539,0.0021139687978576,147
華,526,0.0010087499199957,147
色,481,0.0015189222933269,147
