text,size,freq,topic
月,1452,0.0037302876351841,127
夜,1323,0.0028068756394547,127
秋,1205,0.0031579669909199,127
風,1202,0.0059597409066412,127
聲,831,0.0021399412095909,127
