text,size,freq,topic
天,893,0.0044051065471812,95
化,752,0.00034877238613185,95
神,574,0.00089419303252952,95
靈,451,0.00061962753706402,95
萬,351,0.001886710195192,95
