text,size,freq,topic
柳,1824,0.00097442923306251,79
春,1134,0.0042520548351819,79
楊,962,0.00044616893013143,79
花,784,0.0042497358698485,79
風,713,0.0059597409066412,79
