text,size,freq,topic
鴛鴦,237,0.00010991895679953,66
流水,671,0.0016928446933261,66
雲,690,0.0048656530623792,66
風,566,0.0059597409066412,66
上,498,0.0036287169535845,66
