text,size,freq,topic
門,1319,0.0021594205183908,87
言,697,0.0010495637098622,87
昏,600,0.00027827583999881,87
恩,538,0.00075644649173011,87
喧,473,0.0002193741205324,87
