text,size,freq,topic
白髮,572,0.0002652896341322,134
白雲,873,0.0029279256298542,134
青山,1101,0.0021626670698574,134
青雲,873,0.0021626670698574,134
白首,197,0.00019943101866582,134
