text,size,freq,topic
聲,1410,0.0021399412095909,91
曲,762,0.0006488465002639,91
聽,690,0.00045405341226473,91
弦,662,0.00047863444479796,91
琴,611,0.00054031892266436,91
