text,size,freq,topic
少年,515,0.00099344474879576,46
多少,515,0.00099344474879576,46
經過,236,0.00071656028799694,46
何,916,0.0041959358741154,46
歌,647,0.0013440723071943,46
