text,size,freq,topic
高,489,0.0023978101546564,114
節,488,0.00038262927999837,114
孤,424,0.00077128786986338,114
霜,410,0.00099993785172907,114
心,399,0.0031394152682533,114
