text,size,freq,topic
殷勤,501,0.00023236032639901,23
辛勤,276,0.00012800688639945,23
人,1006,0.0077652873151669,23
塵,970,0.0011984412842616,23
春,774,0.0042520548351819,23
