text,size,freq,topic
桃李,560,0.00025972411733223,14
桃花,1189,0.00055144995626431,14
梨花,226,0.00010481723306622,14
落花,537,0.0019785412223916,14
花開,544,0.0016529584895929,14
