text,size,freq,topic
從容,492,0.00023792584319898,0
雲,824,0.0048656530623792,0
峰,713,0.00061823615786403,0
山,609,0.0060747615871741,0
鐘,473,0.00047353272106465,0
