text,size,freq,topic
裴回,332,0.00015397929813268,11
回首,233,0.00019943101866582,11
塵埃,290,0.00014192067839939,11
來,1934,0.0041671807039822,11
開,1664,0.0016529584895929,11
