text,size,freq,topic
可憐,654,0.00057463960959755,21
那堪,417,0.00019340170879917,21
不,861,0.0098514285290246,21
無,617,0.0057640202325087,21
自,578,0.0028082670186547,21
