text,size,freq,topic
文,1240,0.0010746085354621,36
書,951,0.0015263429823935,36
名,607,0.001254560245328,36
字,590,0.00027363790933217,36
筆,524,0.0002430275669323,36
