text,size,freq,topic
黃金,515,0.0010681154325288,27
銀鉤,228,0.00010574481919955,27
玉,1247,0.0021209256938576,27
紫,478,0.00058345167786418,27
錦,435,0.00030239307946538,27
