text,size,freq,topic
竹,967,0.0010398240554622,8
閑,859,0.0012981567935945,8
靜,663,0.00056443616213093,8
僧,510,0.00064003443199727,8
客,403,0.002185392930124,8
