text,size,freq,topic
石,1088,0.0015527791871934,15
山,930,0.0060747615871741,15
岩,747,0.00048744651306459,15
泉,642,0.00084549476052973,15
松,485,0.0012313705919947,15
