text,size,freq,topic
天,495,0.0044051065471812,100
鳳,390,0.00067528270506379,100
聖,389,0.00047956203093129,100
禦,352,0.00016325515946597,100
龍,339,0.0012749671402612,100
