text,size,freq,topic
深,2296,0.0018180688213256,141
沉吟,873,0.00043318272426482,141
心,1843,0.0031394152682533,141
林,977,0.0013245929983943,141
陰,913,0.00086729303466297,141
