text,size,freq,topic
湘,999,0.00046332927359802,75
江,834,0.002979406660254,75
水,779,0.0041388893269157,75
楚,683,0.00078195511039666,75
南,554,0.0022238877546572,75
