text,size,freq,topic
山,934,0.0060747615871741,122
望,685,0.0015291257407935,122
河,671,0.00079447752319661,122
西,590,0.0019428291562584,122
路,549,0.0018041550293256,122
