text,size,freq,topic
別離,1506,0.0012554878314613,39
情,648,0.0012963016213278,39
此,617,0.0025842549674556,39
行,558,0.0027804394346548,39
君,479,0.0035554376490515,39
