text,size,freq,topic
都,503,0.00023328791253234,77
殊,348,0.00016139998719931,77
夫,343,0.00040164479573162,77
大,343,0.00047631547946463,77
未,324,0.0024005929130564,77
