text,size,freq,topic
管弦,256,0.00034598962773186,91
聲,1410,0.0021399412095909,91
曲,762,0.0006488465002639,91
聽,690,0.00045405341226473,91
琴,611,0.00054031892266436,91
