text,size,freq,topic
朝,729,0.001875579161592,81
宮,422,0.00098695164586246,81
天,402,0.0044051065471812,81
金,354,0.0021139687978576,81
禁,351,0.00016279136639931,81
