text,size,freq,topic
風,682,0.0059597409066412,74
影,588,0.00055655167999763,74
飄,574,0.00043689306879814,74
參,550,0.00025508618666558,74
差,526,0.00024395515306563,74
