text,size,freq,topic
古,856,0.0011928757674616,40
悲,673,0.00079169476479662,40
空,498,0.0024771187690561,40
荒,467,0.0003742810047984,40
哭,458,0.00021241722453243,40
