text,size,freq,topic
人間,639,0.0010217361258623,45
世間,639,0.00090949820372945,45
世人,845,0.00090949820372945,45
不,1319,0.0098514285290246,45
身,850,0.0014442516095938,45
