text,size,freq,topic
山,1654,0.0060747615871741,51
間,1564,0.0010217361258623,51
還,1358,0.0015031533290603,51
閑,1238,0.0012981567935945,51
關,1037,0.00098834302506245,51
