text,size,freq,topic
將,1008,0.0013565947199942,9
軍,952,0.00053799995733104,9
兵,706,0.00042112410453154,9
馬,590,0.0018681584725254,9
旗,535,0.00024812929066561,9
