text,size,freq,topic
惆悵,647,0.00030007411413205,92
悵望,531,0.00044199479253145,92
年,851,0.0035521910975848,92
人,787,0.0077652873151669,92
日,595,0.005303009924244,92
