text,size,freq,topic
芳草,864,0.00099390854186243,110
春風,460,0.0042520548351819,110
花,1443,0.0042497358698485,110
香,607,0.0015717947029266,110
綠,377,0.00075227235413012,110
