text,size,freq,topic
蒼茫,712,0.00033022066346526,58
天,746,0.0044051065471812,58
雲,589,0.0048656530623792,58
山,536,0.0060747615871741,58
白,499,0.0029279256298542,58
