text,size,freq,topic
歎,708,0.0003283654911986,97
悲,621,0.00079169476479662,97
何,585,0.0041959358741154,97
已,467,0.0012972292074611,97
感,437,0.00030842238933202,97
