text,size,freq,topic
紅,978,0.0013051136895944,78
香,517,0.0015717947029266,78
小,278,0.00052547754453109,78
花,274,0.0042497358698485,78
粉,251,0.00027363790933217,78
