text,size,freq,topic
玉,1463,0.0021209256938576,33
鳳,1066,0.00067528270506379,33
金,786,0.0021139687978576,33
仙,548,0.0012786774847945,33
龍,452,0.0012749671402612,33
