text,size,freq,topic
可,318,0.0016251309055931,136
神,211,0.00089419303252952,136
食,167,0.00042390686293152,136
蟲,158,7.3279304533021E-5,136
百,156,0.00093361544319602,136
