text,size,freq,topic
骨肉,139,6.4467236266392E-5,55
不,615,0.0098514285290246,55
如,332,0.0029325635605208,55
力,322,0.00028987066666543,55
苦,313,0.00043364651733148,55
