text,size,freq,topic
桂枝,686,0.0004150947946649,63
桂樹,686,0.0004150947946649,63
葉,1158,0.0011279447381285,63
花,582,0.0042497358698485,63
一,428,0.0051258409727781,63
