text,size,freq,topic
陵,1380,0.00064003443199727,65
秦,702,0.00062148270933068,65
漢,682,0.00088306199892957,65
城,496,0.0018458964053255,65
西,442,0.0019428291562584,65
