text,size,freq,topic
花,2508,0.0042497358698485,14
春,1546,0.0042520548351819,14
桃,1189,0.00055144995626431,14
紅,603,0.0013051136895944,14
李,560,0.00025972411733223,14
