text,size,freq,topic
莫教,378,0.00017531377919925,125
是,426,0.0020054412202581,125
卻,414,0.00036964307413176,125
得,408,0.0019423653631917,125
只,404,0.00043132755199816,125
