text,size,freq,topic
海,895,0.0013654067882608,116
蓬,815,0.00037799134933172,116
日,740,0.005303009924244,116
山,717,0.0060747615871741,116
東,603,0.0019094360554585,116
