text,size,freq,topic
巫峽,322,0.00014934136746603,12
巫山,322,0.00014934136746603,12
三峽,332,0.00023004136106569,12
江,854,0.002979406660254,12
雨,703,0.001955815362125,12
