text,size,freq,topic
君,3932,0.0035554376490515,32
我,1485,0.0021139687978576,32
不,1134,0.0098514285290246,32
為,1084,0.0034543307605186,32
與,506,0.0017373688277259,32
