text,size,freq,topic
上,922,0.0036287169535845,41
風,811,0.0059597409066412,41
畫,804,0.0004610103082647,41
中,668,0.0038610772799835,41
下,604,0.0023954911893231,41
