text,size,freq,topic
詩,1960,0.0012550240383946,142
吟,1231,0.0009758206122625,142
新,597,0.0018125033045256,142
酒,541,0.0019803963946582,142
興,503,0.00023328791253234,142
