text,size,freq,topic
蓬萊,278,0.00012893447253278,116
滄海,291,0.00037520859093173,116
日,740,0.005303009924244,116
山,717,0.0060747615871741,116
東,603,0.0019094360554585,116
