text,size,freq,topic
陽,2586,0.0015416481535934,67
洛,1143,0.00053011547519774,67
夕,681,0.00047167754879799,67
東,645,0.0019094360554585,67
城,555,0.0018458964053255,67
