text,size,freq,topic
春,983,0.0042520548351819,102
色,898,0.0015189222933269,102
風,660,0.0059597409066412,102
光,610,0.0015351550506601,102
新,572,0.0018125033045256,102
