text,size,freq,topic
芙蓉,325,0.00015073274666602,82
南北,1495,0.0011381481855951,82
東西,1098,0.0019094360554585,82
東南,1280,0.0019094360554585,82
西南,1098,0.0019428291562584,82
