text,size,freq,topic
登臨,689,0.00056397236906426,3
樓臺,348,0.00029775514879873,3
登高,963,0.00069661718613036,3
登樓,963,0.00069661718613036,3
高樓,1011,0.0012703292095946,3
