text,size,freq,topic
瀟湘,313,0.00014516722986605,75
洞庭,384,0.00042019651839821,75
湘水,779,0.00046332927359802,75
江,834,0.002979406660254,75
楚,683,0.00078195511039666,75
