text,size,freq,topic
人,1418,0.0077652873151669,111
天,1111,0.0044051065471812,111
地,713,0.0012707930026612,111
主,588,0.00036222238506512,111
長,576,0.0031384876821199,111
