text,size,freq,topic
欲,508,0.0011228430143952,50
輕,431,0.0006711085674638,50
漸,412,0.00019108274346585,50
成,403,0.0012610533482613,50
初,393,0.0011163499114619,50
