text,size,freq,topic
人,967,0.0077652873151669,64
不,795,0.0098514285290246,64
家,780,0.0020940256959911,64
貴,677,0.00042112410453154,64
一,654,0.0051258409727781,64
